country,1961,1962,1963,1964,1965,1966,1967,1968,1969,1970,1971,1972,1973,1974,1975,1976,1977,1978,1979,1980,1981,1982,1983,1984,1985,1986,1987,1988,1989,1990,1991,1992,1993,1994,1995,1996,1997,1998,1999,2000,2001,2002,2003,2004,2005,2006,2007,2008,2009,2010,2011,2012,2013,2014,2015,2016
Afghanistan,0.577,0.578,0.579,0.58,0.58,0.581,0.582,0.582,0.582,0.582,0.583,0.583,0.583,0.583,0.583,0.583,0.583,0.583,0.583,0.583,0.583,0.583,0.583,0.583,0.583,0.583,0.583,0.583,0.583,0.583,0.583,0.583,0.581,0.579,0.578,0.578,0.579,0.58,0.578,0.578,0.578,0.578,0.581,0.581,0.581,0.581,0.581,0.581,0.581,0.581,0.581,0.581,0.581,0.581,0.581,0.581
Albania,0.45,0.45,0.45,0.449,0.451,0.453,0.454,0.453,0.451,0.449,0.438,0.428,0.418,0.409,0.394,0.392,0.405,0.407,0.408,0.408,0.407,0.407,0.405,0.406,0.406,0.405,0.405,0.408,0.405,0.409,0.411,0.411,0.411,0.411,0.411,0.413,0.414,0.416,0.418,0.418,0.416,0.416,0.409,0.409,0.393,0.409,0.408,0.431,0.438,0.438,0.438,0.438,0.433,0.429,0.429,0.431
Algeria,0.191,0.189,0.187,0.185,0.185,0.185,0.186,0.186,0.186,0.186,0.191,0.191,0.186,0.186,0.184,0.185,0.184,0.184,0.184,0.184,0.164,0.164,0.165,0.166,0.164,0.162,0.163,0.163,0.163,0.162,0.162,0.163,0.163,0.166,0.166,0.166,0.167,0.167,0.167,0.168,0.168,0.167,0.168,0.173,0.173,0.173,0.173,0.173,0.174,0.174,0.174,0.174,0.174,0.174,0.174,0.174
Andorra,0.553,0.553,0.553,0.553,0.553,0.553,0.553,0.553,0.553,0.553,0.532,0.532,0.511,0.511,0.511,0.489,0.489,0.489,0.489,0.489,0.489,0.489,0.489,0.489,0.489,0.489,0.489,0.489,0.489,0.489,0.489,0.489,0.489,0.489,0.489,0.489,0.489,0.489,0.489,0.489,0.484,0.486,0.486,0.485,0.464,0.463,0.442,0.442,0.442,0.421,0.421,0.399,0.4,0.4,0.4,0.4
Angola,0.459,0.459,0.459,0.459,0.459,0.46,0.46,0.46,0.46,0.46,0.46,0.46,0.46,0.46,0.46,0.46,0.46,0.46,0.46,0.46,0.46,0.46,0.46,0.46,0.46,0.46,0.46,0.46,0.46,0.46,0.461,0.461,0.461,0.461,0.461,0.461,0.461,0.461,0.46,0.46,0.46,0.46,0.462,0.462,0.462,0.462,0.463,0.463,0.468,0.468,0.473,0.473,0.475,0.475,0.475,0.475
Antigua and Barbuda,0.227,0.205,0.227,0.205,0.25,0.25,0.227,0.227,0.25,0.25,0.25,0.159,0.159,0.159,0.159,0.159,0.159,0.159,0.159,0.159,0.159,0.159,0.159,0.182,0.205,0.205,0.205,0.205,0.205,0.205,0.205,0.205,0.205,0.205,0.205,0.205,0.205,0.205,0.205,0.205,0.205,0.205,0.205,0.205,0.205,0.205,0.205,0.205,0.205,0.205,0.205,0.205,0.205,0.205,0.205,0.205
Argentina,0.504,0.499,0.493,0.487,0.482,0.478,0.474,0.472,0.472,0.472,0.472,0.471,0.471,0.471,0.47,0.47,0.469,0.469,0.468,0.468,0.467,0.471,0.47,0.47,0.469,0.469,0.467,0.465,0.466,0.466,0.466,0.467,0.467,0.468,0.468,0.468,0.469,0.469,0.469,0.47,0.47,0.47,0.478,0.491,0.504,0.516,0.526,0.527,0.525,0.539,0.542,0.545,0.545,0.543,0.543,0.543
Armenia,,,,,,,,,,,,,,,,,,,,,,,,,,,,,,,,0.411,0.415,0.421,0.437,0.459,0.468,0.466,0.465,0.465,0.466,0.489,0.507,0.529,0.564,0.617,0.615,0.614,0.613,0.609,0.596,0.591,0.591,0.59,0.589,0.589
Australia,0.601,0.604,0.607,0.611,0.616,0.617,0.621,0.618,0.623,0.627,0.629,0.631,0.634,0.635,0.634,0.635,0.623,0.62,0.625,0.629,0.628,0.622,0.613,0.616,0.616,0.613,0.613,0.615,0.608,0.605,0.603,0.607,0.599,0.611,0.603,0.606,0.602,0.604,0.591,0.593,0.593,0.582,0.572,0.573,0.579,0.566,0.554,0.543,0.532,0.519,0.533,0.528,0.516,0.529,0.476,0.482
Austria,0.431,0.428,0.423,0.421,0.419,0.412,0.409,0.407,0.406,0.404,0.402,0.4,0.39,0.388,0.386,0.386,0.385,0.385,0.381,0.38,0.382,0.381,0.366,0.367,0.368,0.367,0.367,0.369,0.369,0.366,0.368,0.365,0.363,0.363,0.361,0.36,0.359,0.358,0.358,0.356,0.353,0.351,0.349,0.347,0.346,0.344,0.343,0.34,0.338,0.337,0.334,0.331,0.329,0.329,0.329,0.324
Azerbaijan,,,,,,,,,,,,,,,,,,,,,,,,,,,,,,,,0.534,0.536,0.539,0.539,0.544,0.551,0.563,0.567,0.574,0.575,0.574,0.575,0.575,0.576,0.576,0.576,0.576,0.576,0.577,0.577,0.577,0.577,0.577,0.577,0.577
Bahamas,0.00999,0.00999,0.00999,0.00999,0.00999,0.00999,0.00999,0.00999,0.00999,0.00999,0.00999,0.00999,0.00999,0.00999,0.00999,0.011,0.011,0.011,0.011,0.011,0.011,0.011,0.011,0.011,0.012,0.012,0.012,0.012,0.012,0.012,0.012,0.012,0.012,0.012,0.012,0.012,0.012,0.012,0.012,0.013,0.013,0.013,0.013,0.013,0.013,0.013,0.013,0.013,0.015,0.015,0.014,0.014,0.014,0.014,0.014,0.014
Bahrain,0.101,0.101,0.101,0.101,0.101,0.101,0.101,0.101,0.101,0.101,0.101,0.101,0.101,0.101,0.116,0.145,0.145,0.145,0.145,0.145,0.13,0.116,0.116,0.116,0.116,0.116,0.116,0.116,0.116,0.116,0.116,0.127,0.127,0.127,0.127,0.127,0.127,0.127,0.141,0.13,0.13,0.13,0.124,0.119,0.118,0.116,0.112,0.108,0.11,0.113,0.112,0.112,0.112,0.112,0.111,0.111
Bangladesh,0.728,0.728,0.728,0.731,0.74,0.741,0.745,0.743,0.743,0.745,0.745,0.768,0.767,0.767,0.769,0.768,0.768,0.767,0.767,0.767,0.767,0.767,0.765,0.773,0.77,0.771,0.777,0.801,0.802,0.798,0.793,0.734,0.726,0.719,0.72,0.717,0.719,0.725,0.729,0.722,0.722,0.719,0.717,0.716,0.715,0.713,0.712,0.711,0.71,0.71,0.701,0.701,0.7,0.699,0.704,0.706
Barbados,0.442,0.442,0.442,0.442,0.442,0.442,0.442,0.442,0.442,0.442,0.442,0.442,0.442,0.442,0.442,0.442,0.442,0.442,0.442,0.442,0.442,0.442,0.442,0.442,0.442,0.442,0.442,0.442,0.442,0.442,0.442,0.442,0.442,0.442,0.442,0.442,0.442,0.442,0.419,0.419,0.419,0.395,0.395,0.372,0.372,0.372,0.372,0.372,0.372,0.349,0.326,0.302,0.291,0.279,0.256,0.233
Belarus,,,,,,,,,,,,,,,,,,,,,,,,,,,,,,,,0.463,0.461,0.461,0.46,0.46,0.459,0.459,0.458,0.456,0.45,0.445,0.443,0.442,0.441,0.441,0.439,0.439,0.44,0.439,0.437,0.433,0.429,0.425,0.422,0.42
Belgium,,,,,,,,,,,,,,,,,,,,,,,,,,,,,,,,,,,,,,,,0.459,0.458,0.459,0.46,0.459,0.457,0.456,0.451,0.451,0.45,0.448,0.441,0.44,0.441,0.44,0.439,0.446
Belize,0.0346,0.0346,0.0351,0.0351,0.0351,0.0355,0.0355,0.0355,0.0359,0.0359,0.0364,0.0364,0.0368,0.0368,0.0373,0.0373,0.0377,0.0408,0.0412,0.0421,0.0425,0.0425,0.0425,0.0425,0.0443,0.0452,0.0491,0.0504,0.0526,0.0552,0.057,0.0596,0.0627,0.0627,0.064,0.0644,0.0649,0.0649,0.0658,0.0653,0.0653,0.0666,0.0666,0.0666,0.0666,0.0666,0.0666,0.0666,0.068,0.0688,0.0688,0.0701,0.0701,0.0701,0.0701,0.0701
Benin,0.128,0.13,0.131,0.133,0.135,0.138,0.141,0.144,0.151,0.153,0.158,0.16,0.162,0.165,0.168,0.171,0.174,0.175,0.177,0.18,0.182,0.185,0.186,0.187,0.189,0.194,0.195,0.196,0.197,0.201,0.202,0.204,0.206,0.213,0.223,0.24,0.256,0.27,0.276,0.283,0.29,0.298,0.307,0.316,0.312,0.296,0.296,0.306,0.297,0.305,0.313,0.328,0.333,0.333,0.333,0.333
Bhutan,0.0773,0.0777,0.0777,0.0781,0.0783,0.0788,0.0788,0.0792,0.0792,0.0818,0.0818,0.0824,0.0824,0.0839,0.0839,0.0852,0.0856,0.0856,0.0867,0.0884,0.0884,0.0895,0.092,0.095,0.095,0.095,0.0995,0.0985,0.0967,0.0972,0.108,0.108,0.108,0.128,0.142,0.143,0.144,0.144,0.144,0.133,0.134,0.134,0.135,0.153,0.156,0.151,0.148,0.137,0.136,0.136,0.136,0.136,0.136,0.138,0.138,0.136
Bolivia,0.277,0.276,0.275,0.276,0.276,0.276,0.277,0.277,0.279,0.28,0.284,0.289,0.289,0.294,0.299,0.299,0.304,0.305,0.309,0.31,0.315,0.315,0.315,0.32,0.32,0.325,0.325,0.325,0.327,0.327,0.33,0.331,0.334,0.336,0.338,0.339,0.34,0.341,0.342,0.343,0.343,0.344,0.338,0.338,0.341,0.343,0.345,0.346,0.348,0.346,0.347,0.348,0.348,0.348,0.348,0.348
Bosnia and Herzegovina,,,,,,,,,,,,,,,,,,,,,,,,,,,,,,,,0.43,0.428,0.426,0.425,0.424,0.423,0.422,0.411,0.416,0.415,0.415,0.424,0.424,0.421,0.422,0.42,0.416,0.416,0.419,0.42,0.421,0.422,0.421,0.425,0.431
Botswana,0.459,0.459,0.459,0.459,0.459,0.459,0.459,0.459,0.459,0.459,0.459,0.459,0.459,0.459,0.459,0.459,0.459,0.459,0.459,0.459,0.459,0.459,0.459,0.459,0.459,0.459,0.459,0.459,0.459,0.459,0.457,0.456,0.458,0.459,0.458,0.458,0.457,0.456,0.456,0.458,0.455,0.456,0.455,0.456,0.456,0.455,0.455,0.457,0.457,0.456,0.457,0.457,0.457,0.459,0.456,0.456
Brazil,0.18,0.187,0.193,0.199,0.204,0.209,0.215,0.222,0.232,0.234,0.239,0.243,0.246,0.251,0.255,0.258,0.261,0.263,0.266,0.268,0.27,0.273,0.274,0.275,0.276,0.28,0.282,0.284,0.286,0.289,0.293,0.295,0.298,0.301,0.309,0.31,0.311,0.311,0.312,0.313,0.315,0.318,0.321,0.326,0.326,0.326,0.325,0.327,0.327,0.327,0.329,0.33,0.334,0.339,0.34,0.339
Brunei,0.0398,0.0398,0.0398,0.0455,0.0455,0.0436,0.0436,0.0455,0.0455,0.0455,0.0361,0.0342,0.0342,0.0342,0.0342,0.0323,0.0285,0.0285,0.0285,0.0266,0.0266,0.0247,0.0247,0.0228,0.0228,0.0228,0.0228,0.0228,0.0228,0.0209,0.0209,0.0209,0.0209,0.0209,0.019,0.019,0.019,0.019,0.019,0.019,0.0209,0.0209,0.0209,0.0209,0.0209,0.0195,0.0216,0.0216,0.0254,0.0254,0.0254,0.0254,0.0273,0.0273,0.0273,0.0273
Bulgaria,0.513,0.514,0.515,0.522,0.524,0.524,0.53,0.532,0.544,0.543,0.543,0.544,0.541,0.546,0.538,0.56,0.561,0.561,0.561,0.559,0.559,0.559,0.558,0.558,0.558,0.557,0.557,0.557,0.558,0.557,0.557,0.556,0.553,0.557,0.557,0.557,0.561,0.51,0.513,0.505,0.497,0.489,0.49,0.49,0.485,0.478,0.471,0.47,0.463,0.465,0.469,0.472,0.46,0.458,0.462,0.463
Burkina Faso,0.297,0.298,0.298,0.299,0.299,0.299,0.3,0.3,0.301,0.301,0.3,0.303,0.306,0.309,0.312,0.314,0.316,0.317,0.319,0.321,0.323,0.325,0.327,0.328,0.33,0.332,0.334,0.35,0.351,0.35,0.349,0.348,0.347,0.345,0.345,0.349,0.36,0.364,0.364,0.357,0.386,0.394,0.408,0.39,0.401,0.394,0.401,0.441,0.43,0.442,0.431,0.442,0.45,0.442,0.442,0.442
Burundi,0.613,0.619,0.625,0.625,0.632,0.631,0.649,0.653,0.739,0.732,0.739,0.742,0.779,0.79,0.802,0.816,0.835,0.826,0.818,0.813,0.808,0.802,0.802,0.802,0.802,0.811,0.815,0.82,0.82,0.822,0.822,0.826,0.827,0.807,0.793,0.776,0.76,0.745,0.735,0.727,0.721,0.714,0.714,0.72,0.708,0.694,0.675,0.694,0.714,0.714,0.733,0.753,0.792,0.792,0.792,0.792
Cambodia,0.199,0.2,0.201,0.204,0.205,0.205,0.206,0.203,0.197,0.194,0.139,0.139,0.139,0.142,0.142,0.144,0.144,0.147,0.147,0.15,0.15,0.152,0.152,0.152,0.169,0.186,0.21,0.235,0.251,0.252,0.255,0.256,0.257,0.259,0.259,0.259,0.259,0.262,0.263,0.27,0.277,0.283,0.289,0.296,0.303,0.303,0.303,0.303,0.303,0.309,0.309,0.309,0.309,0.309,0.309,0.309
Cameroon,0.159,0.16,0.161,0.162,0.164,0.165,0.166,0.168,0.169,0.169,0.17,0.171,0.173,0.175,0.178,0.18,0.183,0.183,0.189,0.189,0.19,0.191,0.192,0.193,0.194,0.195,0.195,0.195,0.194,0.194,0.194,0.194,0.194,0.194,0.194,0.194,0.194,0.194,0.194,0.194,0.194,0.194,0.194,0.195,0.195,0.195,0.195,0.196,0.197,0.205,0.206,0.206,0.206,0.206,0.206,0.206
Canada,0.0768,0.0769,0.0771,0.0772,0.0773,0.0775,0.0771,0.0767,0.0763,0.0759,0.0755,0.0755,0.0754,0.0753,0.0753,0.0752,0.0747,0.0741,0.0736,0.073,0.0725,0.0729,0.0733,0.0737,0.0742,0.0746,0.0746,0.0746,0.0745,0.0745,0.0745,0.0746,0.0746,0.0747,0.0748,0.0748,0.0747,0.0746,0.0745,0.0744,0.0742,0.0742,0.0743,0.0743,0.0743,0.0725,0.0718,0.0711,0.0703,0.0696,0.0688,0.0689,0.0689,0.0689,0.0689,0.0689
Cape Verde,0.161,0.161,0.161,0.161,0.161,0.161,0.161,0.161,0.161,0.161,0.161,0.161,0.161,0.161,0.161,0.161,0.161,0.161,0.161,0.161,0.161,0.161,0.161,0.161,0.161,0.161,0.161,0.166,0.166,0.169,0.169,0.171,0.171,0.171,0.174,0.174,0.179,0.179,0.176,0.176,0.181,0.184,0.184,0.186,0.186,0.189,0.189,0.194,0.194,0.194,0.194,0.208,0.208,0.196,0.196,0.196
Central African Republic,0.0761,0.0762,0.0763,0.0766,0.0767,0.0769,0.077,0.0772,0.0774,0.0775,0.0777,0.0779,0.078,0.0782,0.0785,0.0787,0.0788,0.079,0.0791,0.0794,0.0794,0.0796,0.0798,0.08,0.08,0.0803,0.0803,0.0804,0.0804,0.0804,0.0804,0.0806,0.0806,0.0806,0.0804,0.0806,0.0822,0.0827,0.0827,0.0827,0.0827,0.0827,0.0834,0.0837,0.0837,0.0836,0.0836,0.0836,0.084,0.0815,0.0815,0.0815,0.0815,0.0815,0.0815,0.0815
Chad,0.38,0.38,0.38,0.38,0.38,0.38,0.38,0.38,0.38,0.38,0.38,0.38,0.38,0.38,0.381,0.382,0.382,0.382,0.382,0.382,0.382,0.382,0.382,0.382,0.382,0.383,0.383,0.383,0.383,0.384,0.384,0.384,0.384,0.385,0.385,0.385,0.386,0.386,0.386,0.386,0.389,0.387,0.388,0.388,0.393,0.393,0.392,0.392,0.392,0.393,0.397,0.397,0.397,0.397,0.397,0.397
Chile,0.18,0.182,0.185,0.187,0.189,0.191,0.194,0.197,0.2,0.203,0.206,0.21,0.213,0.219,0.223,0.231,0.23,0.229,0.227,0.227,0.225,0.223,0.223,0.222,0.222,0.221,0.217,0.217,0.217,0.214,0.212,0.209,0.208,0.208,0.206,0.205,0.205,0.205,0.203,0.203,0.204,0.209,0.207,0.214,0.214,0.212,0.212,0.212,0.212,0.212,0.212,0.212,0.212,0.212,0.212,0.212
China,0.365,0.368,0.371,0.374,0.378,0.382,0.385,0.389,0.394,0.399,0.404,0.409,0.415,0.422,0.427,0.433,0.439,0.446,0.451,0.455,0.461,0.471,0.482,0.495,0.507,0.514,0.52,0.526,0.532,0.539,0.545,0.548,0.552,0.557,0.557,0.557,0.557,0.558,0.557,0.556,0.554,0.552,0.55,0.55,0.551,0.548,0.548,0.548,0.548,0.548,0.548,0.548,0.548,0.548,0.562,0.562
Colombia,0.36,0.369,0.374,0.379,0.388,0.388,0.388,0.388,0.388,0.388,0.406,0.406,0.406,0.406,0.407,0.407,0.408,0.408,0.408,0.408,0.408,0.408,0.409,0.409,0.409,0.409,0.409,0.408,0.407,0.406,0.405,0.405,0.405,0.404,0.401,0.405,0.406,0.41,0.412,0.404,0.376,0.375,0.379,0.382,0.384,0.38,0.382,0.384,0.383,0.383,0.376,0.384,0.404,0.405,0.403,0.403
Comoros,0.51,0.51,0.51,0.51,0.51,0.51,0.51,0.51,0.51,0.51,0.51,0.51,0.51,0.51,0.51,0.51,0.51,0.537,0.537,0.537,0.537,0.537,0.537,0.591,0.591,0.591,0.607,0.613,0.613,0.613,0.613,0.618,0.618,0.645,0.656,0.666,0.677,0.699,0.709,0.715,0.725,0.725,0.725,0.725,0.715,0.715,0.715,0.715,0.715,0.715,0.715,0.715,0.715,0.715,0.715,0.715
"Congo, Dem. Rep.",0.11,0.111,0.111,0.111,0.111,0.111,0.111,0.111,0.112,0.112,0.112,0.112,0.112,0.113,0.113,0.113,0.113,0.113,0.113,0.113,0.114,0.114,0.114,0.114,0.114,0.114,0.114,0.114,0.114,0.115,0.115,0.115,0.115,0.115,0.114,0.114,0.113,0.113,0.113,0.113,0.113,0.113,0.113,0.113,0.113,0.113,0.113,0.113,0.114,0.114,0.115,0.116,0.116,0.116,0.116,0.116
"Congo, Rep.",0.309,0.309,0.309,0.309,0.309,0.309,0.309,0.309,0.309,0.309,0.309,0.309,0.309,0.309,0.309,0.309,0.309,0.308,0.308,0.308,0.308,0.309,0.309,0.309,0.309,0.309,0.309,0.309,0.309,0.308,0.308,0.308,0.308,0.308,0.308,0.308,0.309,0.309,0.309,0.309,0.309,0.309,0.309,0.309,0.309,0.309,0.309,0.309,0.309,0.31,0.31,0.31,0.311,0.311,0.311,0.311
Costa Rica,0.273,0.276,0.278,0.291,0.305,0.32,0.32,0.336,0.351,0.363,0.37,0.37,0.401,0.401,0.416,0.432,0.448,0.462,0.478,0.493,0.509,0.525,0.525,0.538,0.525,0.512,0.497,0.482,0.466,0.451,0.438,0.423,0.414,0.41,0.401,0.391,0.382,0.375,0.37,0.36,0.359,0.358,0.358,0.357,0.354,0.355,0.353,0.351,0.356,0.356,0.356,0.355,0.352,0.349,0.349,0.345
Cote d'Ivoire,0.493,0.499,0.499,0.503,0.506,0.506,0.508,0.508,0.509,0.509,0.513,0.513,0.517,0.523,0.526,0.53,0.537,0.541,0.542,0.543,0.546,0.55,0.553,0.563,0.572,0.575,0.579,0.589,0.592,0.595,0.596,0.604,0.613,0.619,0.623,0.623,0.619,0.619,0.616,0.616,0.616,0.616,0.616,0.629,0.635,0.638,0.648,0.648,0.648,0.648,0.648,0.648,0.648,0.648,0.648,0.648
Croatia,,,,,,,,,,,,,,,,,,,,,,,,,,,,,,,,0.43,0.406,0.414,0.417,0.346,0.347,0.366,0.363,0.209,0.211,0.211,0.214,0.21,0.216,0.22,0.215,0.23,0.232,0.238,0.237,0.238,0.28,0.27,0.275,0.276
Cuba,0.331,0.354,0.376,0.443,0.423,0.42,0.43,0.44,0.442,0.468,0.472,0.52,0.545,0.524,0.541,0.558,0.562,0.554,0.546,0.553,0.553,0.566,0.575,0.572,0.579,0.601,0.626,0.632,0.631,0.628,0.629,0.631,0.627,0.623,0.622,0.616,0.623,0.621,0.62,0.61,0.62,0.625,0.624,0.613,0.624,0.623,0.622,0.617,0.612,0.607,0.6,0.602,0.609,0.604,0.6,0.599
Cyprus,0.437,0.435,0.438,0.436,0.435,0.433,0.434,0.434,0.432,0.431,0.429,0.426,0.427,0.311,0.195,0.193,0.191,0.189,0.187,0.186,0.19,0.197,0.198,0.197,0.176,0.177,0.176,0.175,0.175,0.174,0.172,0.173,0.172,0.155,0.155,0.155,0.154,0.156,0.156,0.153,0.152,0.152,0.167,0.169,0.181,0.17,0.159,0.125,0.138,0.124,0.126,0.127,0.118,0.118,0.138,0.122
Czech Republic,,,,,,,,,,,,,,,,,,,,,,,,,,,,,,,,,0.554,0.554,0.554,0.554,0.554,0.554,0.554,0.554,0.554,0.553,0.552,0.552,0.551,0.551,0.55,0.549,0.549,0.548,0.548,0.547,0.456,0.455,0.453,0.452
Denmark,0.746,0.741,0.729,0.724,0.716,0.714,0.713,0.712,0.706,0.702,0.696,0.698,0.705,0.692,0.693,0.692,0.691,0.689,0.689,0.685,0.684,0.681,0.672,0.674,0.669,0.665,0.66,0.657,0.654,0.658,0.653,0.65,0.646,0.634,0.642,0.64,0.634,0.63,0.623,0.624,0.631,0.628,0.626,0.624,0.638,0.639,0.628,0.629,0.621,0.619,0.634,0.625,0.621,0.626,0.622,0.62
Djibouti,0.561,0.561,0.561,0.561,0.561,0.561,0.561,0.561,0.561,0.561,0.561,0.561,0.561,0.561,0.561,0.561,0.561,0.561,0.561,0.561,0.561,0.561,0.561,0.561,0.561,0.561,0.561,0.561,0.561,0.56,0.576,0.591,0.604,0.604,0.626,0.639,0.648,0.648,0.669,0.691,0.725,0.734,0.734,0.734,0.734,0.734,0.734,0.734,0.734,0.734,0.734,0.734,0.734,0.734,0.734,0.734
Dominica,0.227,0.24,0.227,0.227,0.24,0.253,0.253,0.253,0.253,0.253,0.253,0.253,0.253,0.253,0.253,0.253,0.253,0.253,0.253,0.253,0.253,0.253,0.253,0.253,0.253,0.253,0.253,0.24,0.24,0.24,0.24,0.24,0.24,0.24,0.227,0.227,0.227,0.227,0.253,0.28,0.293,0.293,0.293,0.293,0.293,0.293,0.293,0.293,0.307,0.333,0.333,0.333,0.333,0.333,0.333,0.333
Dominican Republic,0.453,0.456,0.46,0.463,0.466,0.469,0.472,0.474,0.482,0.483,0.485,0.491,0.498,0.502,0.508,0.52,0.526,0.531,0.536,0.542,0.543,0.544,0.544,0.544,0.544,0.546,0.546,0.546,0.547,0.527,0.527,0.527,0.527,0.527,0.533,0.533,0.517,0.52,0.511,0.521,0.521,0.521,0.504,0.5,0.5,0.5,0.5,0.496,0.496,0.496,0.496,0.487,0.487,0.487,0.487,0.487
Ecuador,0.17,0.17,0.17,0.17,0.171,0.171,0.171,0.171,0.173,0.175,0.178,0.18,0.182,0.187,0.195,0.201,0.211,0.217,0.224,0.234,0.244,0.251,0.256,0.262,0.268,0.274,0.279,0.279,0.28,0.283,0.286,0.287,0.288,0.294,0.293,0.289,0.289,0.323,0.325,0.325,0.313,0.302,0.292,0.303,0.302,0.3,0.298,0.3,0.303,0.302,0.296,0.302,0.303,0.226,0.233,0.222
Egypt,0.0258,0.0252,0.025,0.0252,0.0268,0.0279,0.0281,0.0281,0.0285,0.0286,0.0287,0.0287,0.0287,0.0286,0.0284,0.0274,0.0265,0.0255,0.0246,0.0246,0.0248,0.0246,0.0245,0.0247,0.0251,0.0258,0.0256,0.0259,0.0258,0.0266,0.0266,0.0301,0.0326,0.0326,0.033,0.0319,0.0326,0.0327,0.035,0.0331,0.0335,0.0344,0.0342,0.0349,0.0354,0.0355,0.0355,0.0356,0.0371,0.0369,0.0364,0.0371,0.0375,0.0373,0.0381,0.0375
El Salvador,0.6,0.6,0.603,0.603,0.604,0.6,0.595,0.594,0.593,0.592,0.613,0.614,0.618,0.623,0.627,0.627,0.632,0.652,0.676,0.681,0.661,0.647,0.645,0.65,0.66,0.669,0.669,0.679,0.679,0.681,0.689,0.7,0.7,0.702,0.702,0.67,0.679,0.7,0.715,0.724,0.748,0.75,0.749,0.777,0.755,0.711,0.726,0.748,0.746,0.741,0.745,0.758,0.76,0.769,0.755,0.764
Equatorial Guinea,0.112,0.114,0.116,0.116,0.116,0.117,0.117,0.117,0.117,0.117,0.119,0.119,0.119,0.119,0.119,0.119,0.119,0.119,0.119,0.119,0.119,0.119,0.119,0.119,0.119,0.119,0.119,0.119,0.119,0.119,0.119,0.119,0.119,0.119,0.119,0.119,0.119,0.119,0.119,0.119,0.119,0.116,0.116,0.116,0.116,0.112,0.112,0.11,0.105,0.105,0.101,0.101,0.101,0.101,0.101,0.101
Eritrea,,,,,,,,,,,,,,,,,,,,,,,,,,,,,,,,,0.733,0.733,0.733,0.727,0.729,0.739,0.739,0.746,0.746,0.746,0.749,0.743,0.745,0.75,0.75,0.75,0.752,0.752,0.752,0.752,0.752,0.752,0.752,0.752
Estonia,,,,,,,,,,,,,,,,,,,,,,,,,,,,,,,,0.324,0.311,0.26,0.234,0.237,0.241,0.246,0.236,0.233,0.21,0.165,0.195,0.182,0.208,0.212,0.216,0.214,0.22,0.224,0.223,0.226,0.222,0.224,0.228,0.231
Eswatini,0.853,0.859,0.857,0.859,0.863,0.868,0.87,0.871,0.869,0.869,0.869,0.88,0.88,0.862,0.763,0.797,0.81,0.81,0.779,0.751,0.747,0.748,0.749,0.738,0.747,0.773,0.76,0.747,0.735,0.72,0.713,0.711,0.71,0.71,0.71,0.71,0.711,0.711,0.711,0.711,0.712,0.712,0.712,0.712,0.712,0.712,0.712,0.712,0.71,0.71,0.71,0.71,0.71,0.71,0.71,0.71
Ethiopia,,,,,,,,,,,,,,,,,,,,,,,,,,,,,,,,,0.305,0.305,0.305,0.305,0.305,0.305,0.307,0.307,0.306,0.305,0.316,0.331,0.336,0.342,0.351,0.345,0.35,0.357,0.363,0.365,0.363,0.363,0.363,0.363
Fiji,0.124,0.124,0.125,0.125,0.122,0.122,0.121,0.12,0.121,0.121,0.121,0.126,0.129,0.131,0.134,0.142,0.148,0.153,0.156,0.159,0.164,0.17,0.175,0.181,0.189,0.192,0.2,0.208,0.216,0.224,0.232,0.238,0.238,0.237,0.241,0.241,0.241,0.235,0.234,0.234,0.234,0.234,0.234,0.234,0.234,0.234,0.234,0.234,0.234,0.233,0.233,0.233,0.233,0.233,0.233,0.233
Finland,0.0908,0.0914,0.0921,0.0928,0.0933,0.0939,0.0943,0.0948,0.0908,0.0894,0.0888,0.0858,0.0848,0.0855,0.0858,0.0858,0.0853,0.0849,0.0843,0.0833,0.0826,0.0817,0.0804,0.0796,0.0791,0.0786,0.0791,0.0779,0.0783,0.0786,0.0796,0.079,0.0783,0.0792,0.0737,0.0728,0.0706,0.072,0.0723,0.0728,0.073,0.0734,0.0737,0.074,0.0747,0.0757,0.0755,0.0756,0.0756,0.0754,0.0752,0.0752,0.0743,0.0746,0.0748,0.0749
France,0.631,0.629,0.627,0.623,0.621,0.618,0.614,0.606,0.606,0.593,0.596,0.594,0.593,0.592,0.591,0.585,0.583,0.584,0.581,0.579,0.579,0.578,0.576,0.575,0.574,0.573,0.573,0.563,0.561,0.559,0.557,0.555,0.553,0.552,0.551,0.55,0.549,0.548,0.547,0.544,0.543,0.541,0.539,0.538,0.537,0.535,0.533,0.532,0.53,0.528,0.527,0.527,0.525,0.525,0.525,0.524
Gabon,0.202,0.202,0.203,0.203,0.204,0.205,0.203,0.204,0.202,0.201,0.202,0.2,0.199,0.2,0.201,0.2,0.201,0.202,0.2,0.2,0.2,0.2,0.2,0.2,0.2,0.2,0.2,0.2,0.2,0.2,0.2,0.2,0.2,0.2,0.2,0.2,0.2,0.2,0.2,0.2,0.2,0.2,0.2,0.2,0.2,0.2,0.2,0.2,0.2,0.2,0.2,0.2,0.2,0.2,0.2,0.2
Gambia,0.518,0.519,0.52,0.521,0.522,0.523,0.525,0.525,0.527,0.528,0.531,0.536,0.541,0.567,0.561,0.56,0.567,0.574,0.563,0.556,0.578,0.599,0.58,0.566,0.566,0.575,0.582,0.597,0.579,0.579,0.585,0.551,0.55,0.55,0.55,0.55,0.55,0.545,0.545,0.545,0.534,0.511,0.501,0.509,0.521,0.489,0.489,0.545,0.596,0.608,0.608,0.598,0.598,0.598,0.598,0.598
Georgia,,,,,,,,,,,,,,,,,,,,,,,,,,,,,,,,0.465,0.45,0.446,0.439,0.437,0.437,0.438,0.432,0.432,0.432,0.432,0.433,0.359,0.363,0.362,0.362,0.362,0.359,0.354,0.351,0.35,0.358,0.348,0.348,0.345
Germany,0.555,0.555,0.556,0.557,0.56,0.559,0.556,0.552,0.551,0.545,0.543,0.543,0.541,0.539,0.538,0.537,0.536,0.534,0.533,0.53,0.529,0.527,0.525,0.524,0.523,0.522,0.519,0.518,0.517,0.516,0.491,0.486,0.492,0.496,0.497,0.497,0.496,0.498,0.491,0.489,0.488,0.486,0.487,0.488,0.488,0.486,0.486,0.485,0.484,0.479,0.48,0.478,0.479,0.479,0.48,0.477
Ghana,0.514,0.514,0.514,0.514,0.514,0.514,0.514,0.514,0.514,0.514,0.514,0.514,0.514,0.514,0.519,0.519,0.523,0.527,0.527,0.527,0.527,0.536,0.536,0.541,0.545,0.545,0.545,0.549,0.549,0.554,0.559,0.559,0.563,0.567,0.576,0.585,0.599,0.617,0.623,0.634,0.638,0.643,0.652,0.664,0.664,0.672,0.677,0.686,0.686,0.686,0.691,0.69,0.69,0.69,0.69,0.69
Greece,0.691,0.691,0.7,0.698,0.673,0.705,0.707,0.709,0.709,0.71,0.71,0.711,0.709,0.709,0.707,0.707,0.707,0.712,0.712,0.712,0.714,0.714,0.712,0.714,0.712,0.712,0.712,0.712,0.715,0.715,0.711,0.711,0.711,0.711,0.711,0.712,0.697,0.681,0.673,0.662,0.655,0.647,0.64,0.627,0.621,0.61,0.601,0.594,0.587,0.581,0.574,0.565,0.555,0.481,0.481,0.476
Grenada,0.647,0.647,0.647,0.647,0.647,0.647,0.647,0.647,0.647,0.647,0.647,0.588,0.588,0.588,0.588,0.588,0.588,0.559,0.559,0.471,0.471,0.471,0.471,0.471,0.412,0.412,0.382,0.382,0.382,0.382,0.353,0.353,0.353,0.353,0.324,0.324,0.324,0.324,0.353,0.353,0.382,0.382,0.353,0.353,0.206,0.206,0.206,0.206,0.235,0.235,0.235,0.235,0.235,0.235,0.235,0.235
Guatemala,0.247,0.248,0.249,0.25,0.251,0.253,0.255,0.256,0.256,0.257,0.258,0.261,0.265,0.268,0.27,0.273,0.279,0.28,0.281,0.285,0.286,0.29,0.291,0.353,0.353,0.353,0.353,0.4,0.4,0.4,0.4,0.4,0.418,0.421,0.421,0.421,0.422,0.413,0.414,0.417,0.419,0.422,0.473,0.448,0.426,0.401,0.412,0.386,0.377,0.37,0.363,0.355,0.347,0.354,0.36,0.36
Guinea,0.595,0.595,0.594,0.593,0.592,0.591,0.59,0.589,0.588,0.587,0.586,0.585,0.584,0.583,0.583,0.582,0.581,0.58,0.58,0.579,0.578,0.577,0.576,0.575,0.575,0.574,0.573,0.573,0.572,0.575,0.572,0.572,0.572,0.572,0.571,0.566,0.562,0.558,0.551,0.549,0.551,0.559,0.563,0.567,0.575,0.575,0.577,0.58,0.58,0.582,0.582,0.586,0.59,0.59,0.59,0.59
Guinea-Bissau,0.483,0.483,0.483,0.483,0.483,0.483,0.486,0.486,0.486,0.486,0.486,0.486,0.488,0.49,0.49,0.49,0.49,0.49,0.491,0.492,0.494,0.499,0.502,0.512,0.515,0.503,0.501,0.498,0.511,0.515,0.515,0.515,0.522,0.525,0.528,0.531,0.547,0.547,0.565,0.579,0.579,0.572,0.569,0.573,0.573,0.573,0.573,0.573,0.573,0.58,0.58,0.58,0.58,0.58,0.58,0.58
Guyana,0.0691,0.0691,0.0691,0.0691,0.0691,0.0693,0.0693,0.0694,0.0694,0.0697,0.0697,0.0698,0.07,0.07,0.07,0.0741,0.0783,0.0826,0.0871,0.0871,0.0871,0.0871,0.0876,0.0878,0.0878,0.0879,0.0879,0.0879,0.088,0.088,0.0881,0.0881,0.0881,0.0881,0.0881,0.0881,0.0881,0.0881,0.0881,0.0868,0.0868,0.0868,0.0868,0.0868,0.0852,0.0852,0.0852,0.0852,0.0852,0.0852,0.0852,0.0852,0.0853,0.0853,0.0859,0.0864
Haiti,0.602,0.604,0.606,0.608,0.61,0.611,0.613,0.615,0.617,0.619,0.62,0.575,0.574,0.574,0.574,0.575,0.575,0.579,0.579,0.581,0.581,0.581,0.581,0.581,0.581,0.581,0.581,0.58,0.58,0.579,0.579,0.571,0.571,0.579,0.577,0.577,0.613,0.613,0.613,0.613,0.606,0.606,0.606,0.606,0.606,0.606,0.66,0.642,0.652,0.679,0.664,0.642,0.668,0.668,0.668,0.668
Honduras,0.266,0.267,0.268,0.268,0.269,0.269,0.27,0.271,0.271,0.272,0.272,0.275,0.276,0.277,0.28,0.283,0.29,0.291,0.291,0.291,0.292,0.292,0.292,0.293,0.293,0.294,0.294,0.294,0.301,0.297,0.299,0.3,0.317,0.315,0.311,0.311,0.303,0.303,0.298,0.262,0.262,0.271,0.282,0.281,0.282,0.282,0.282,0.285,0.286,0.289,0.289,0.289,0.289,0.289,0.289,0.289
Hungary,0.787,0.779,0.776,0.775,0.772,0.77,0.768,0.767,0.765,0.764,0.762,0.761,0.76,0.754,0.752,0.751,0.748,0.744,0.74,0.737,0.734,0.732,0.731,0.729,0.728,0.726,0.724,0.723,0.721,0.72,0.719,0.683,0.682,0.681,0.688,0.688,0.69,0.69,0.689,0.653,0.654,0.653,0.654,0.654,0.654,0.648,0.648,0.646,0.639,0.59,0.59,0.59,0.581,0.581,0.581,0.584
Iceland,0.211,0.211,0.211,0.211,0.211,0.211,0.211,0.211,0.211,0.2,0.199,0.198,0.197,0.196,0.195,0.194,0.193,0.192,0.191,0.19,0.19,0.19,0.19,0.19,0.19,0.19,0.19,0.19,0.19,0.19,0.19,0.19,0.19,0.19,0.189,0.189,0.189,0.189,0.188,0.188,0.188,0.188,0.188,0.188,0.188,0.188,0.187,0.187,0.187,0.187,0.187,0.187,0.187,0.187,0.187,0.187
India,0.588,0.594,0.592,0.594,0.596,0.597,0.598,0.6,0.598,0.599,0.598,0.599,0.601,0.603,0.604,0.604,0.604,0.607,0.607,0.606,0.607,0.608,0.607,0.61,0.61,0.609,0.611,0.609,0.61,0.61,0.611,0.61,0.61,0.61,0.609,0.607,0.609,0.608,0.609,0.609,0.607,0.607,0.606,0.607,0.606,0.605,0.604,0.605,0.606,0.604,0.604,0.604,0.604,0.604,0.604,0.604
Indonesia,0.213,0.213,0.213,0.213,0.213,0.212,0.212,0.212,0.212,0.212,0.212,0.212,0.211,0.211,0.211,0.21,0.21,0.21,0.21,0.21,0.209,0.209,0.209,0.205,0.219,0.228,0.24,0.244,0.245,0.249,0.229,0.228,0.232,0.232,0.237,0.237,0.24,0.242,0.253,0.26,0.263,0.266,0.282,0.295,0.286,0.284,0.293,0.298,0.307,0.307,0.312,0.312,0.315,0.315,0.315,0.315
Iran,0.364,0.364,0.364,0.365,0.365,0.365,0.366,0.366,0.366,0.367,0.369,0.373,0.377,0.374,0.371,0.368,0.366,0.361,0.368,0.354,0.358,0.361,0.364,0.366,0.371,0.373,0.375,0.38,0.379,0.378,0.387,0.392,0.394,0.394,0.394,0.396,0.392,0.398,0.391,0.386,0.392,0.393,0.395,0.396,0.292,0.294,0.295,0.287,0.287,0.286,0.285,0.284,0.282,0.282,0.282,0.282
Iraq,0.201,0.202,0.204,0.203,0.204,0.204,0.205,0.205,0.206,0.206,0.206,0.209,0.21,0.212,0.212,0.212,0.212,0.215,0.216,0.216,0.216,0.216,0.216,0.216,0.216,0.217,0.217,0.218,0.211,0.211,0.22,0.218,0.226,0.214,0.208,0.208,0.198,0.203,0.2,0.19,0.194,0.202,0.199,0.199,0.215,0.206,0.209,0.187,0.181,0.189,0.197,0.197,0.204,0.214,0.214,0.214
Ireland,0.819,0.82,0.823,0.822,0.822,0.818,0.821,0.824,0.826,0.823,0.823,0.825,0.825,0.826,0.83,0.83,0.831,0.831,0.831,0.831,0.832,0.831,0.828,0.827,0.828,0.827,0.823,0.822,0.821,0.82,0.645,0.641,0.639,0.637,0.637,0.63,0.643,0.641,0.641,0.64,0.64,0.635,0.634,0.625,0.624,0.618,0.621,0.61,0.608,0.663,0.661,0.658,0.65,0.648,0.643,0.645
Israel,0.236,0.233,0.241,0.243,0.238,0.243,0.243,0.241,0.242,0.243,0.244,0.244,0.248,0.252,0.25,0.245,0.245,0.246,0.246,0.246,0.249,0.25,0.256,0.261,0.266,0.268,0.267,0.266,0.266,0.268,0.267,0.267,0.267,0.268,0.265,0.261,0.26,0.26,0.258,0.262,0.259,0.26,0.255,0.237,0.238,0.235,0.239,0.238,0.241,0.233,0.239,0.243,0.24,0.248,0.247,0.246
Italy,0.703,0.702,0.697,0.696,0.695,0.694,0.693,0.692,0.688,0.686,0.6,0.595,0.594,0.595,0.596,0.596,0.595,0.598,0.599,0.597,0.597,0.596,0.587,0.586,0.581,0.579,0.578,0.573,0.573,0.573,0.546,0.543,0.541,0.534,0.521,0.522,0.522,0.526,0.537,0.532,0.527,0.519,0.507,0.506,0.501,0.483,0.481,0.492,0.475,0.487,0.471,0.467,0.463,0.447,0.44,0.432
Jamaica,0.492,0.494,0.494,0.492,0.468,0.477,0.477,0.477,0.477,0.468,0.468,0.468,0.468,0.468,0.468,0.468,0.468,0.468,0.459,0.459,0.459,0.45,0.44,0.44,0.44,0.44,0.44,0.44,0.44,0.44,0.44,0.44,0.464,0.462,0.459,0.456,0.452,0.447,0.445,0.442,0.442,0.438,0.438,0.436,0.431,0.431,0.428,0.415,0.415,0.41,0.41,0.41,0.41,0.41,0.41,0.41
Japan,0.194,0.194,0.191,0.192,0.191,0.188,0.186,0.185,0.181,0.183,0.178,0.177,0.176,0.175,0.171,0.17,0.17,0.169,0.169,0.165,0.165,0.165,0.164,0.164,0.161,0.161,0.16,0.16,0.157,0.156,0.155,0.154,0.153,0.152,0.149,0.148,0.147,0.146,0.145,0.144,0.131,0.131,0.13,0.129,0.129,0.128,0.128,0.127,0.126,0.126,0.125,0.125,0.124,0.124,0.123,0.123
Jordan,0.123,0.123,0.123,0.124,0.124,0.124,0.124,0.125,0.125,0.125,0.125,0.126,0.126,0.126,0.126,0.127,0.127,0.127,0.127,0.128,0.127,0.127,0.129,0.119,0.127,0.128,0.131,0.132,0.13,0.118,0.115,0.127,0.124,0.121,0.126,0.119,0.12,0.121,0.121,0.121,0.116,0.116,0.114,0.118,0.115,0.115,0.109,0.11,0.115,0.113,0.113,0.118,0.119,0.12,0.119,0.12
Kazakhstan,,,,,,,,,,,,,,,,,,,,,,,,,,,,,,,,0.82,0.821,0.821,0.804,0.798,0.799,0.798,0.797,0.798,0.794,0.791,0.789,0.788,0.786,0.785,0.783,0.781,0.781,0.804,0.804,0.804,0.804,0.804,0.804,0.804
Kenya,0.443,0.443,0.443,0.443,0.443,0.443,0.443,0.443,0.443,0.444,0.444,0.444,0.444,0.444,0.449,0.449,0.449,0.449,0.449,0.449,0.449,0.449,0.449,0.448,0.463,0.463,0.464,0.468,0.475,0.47,0.472,0.476,0.472,0.478,0.478,0.465,0.467,0.465,0.472,0.469,0.472,0.471,0.472,0.474,0.474,0.475,0.476,0.476,0.479,0.48,0.485,0.487,0.485,0.485,0.485,0.485
Kiribati,0.481,0.481,0.531,0.531,0.531,0.531,0.469,0.469,0.469,0.469,0.469,0.469,0.469,0.469,0.469,0.469,0.469,0.469,0.469,0.469,0.469,0.469,0.469,0.481,0.481,0.481,0.481,0.481,0.481,0.481,0.481,0.481,0.457,0.457,0.457,0.457,0.457,0.42,0.42,0.42,0.42,0.42,0.42,0.42,0.42,0.42,0.42,0.42,0.42,0.42,0.42,0.42,0.42,0.42,0.42,0.42
Kuwait,0.0758,0.0758,0.0758,0.0758,0.0758,0.0758,0.0758,0.0758,0.0758,0.0758,0.0758,0.0758,0.0758,0.0758,0.0758,0.0758,0.0758,0.0758,0.0758,0.0758,0.0763,0.0763,0.0763,0.0769,0.0769,0.0774,0.0774,0.0791,0.0791,0.0791,0.0791,0.0791,0.0797,0.0797,0.0797,0.0802,0.0802,0.0802,0.0808,0.0831,0.0847,0.0847,0.0847,0.0842,0.0842,0.0842,0.0847,0.0847,0.085,0.0853,0.0856,0.0853,0.0862,0.0854,0.0838,0.0842
Kyrgyz Republic,,,,,,,,,,,,,,,,,,,,,,,,,,,,,,,,0.526,0.528,0.541,0.544,0.555,0.556,0.557,0.559,0.559,0.562,0.562,0.565,0.562,0.56,0.559,0.559,0.559,0.554,0.553,0.553,0.552,0.55,0.55,0.55,0.55
Lao,0.0672,0.0672,0.065,0.0628,0.0628,0.0633,0.0633,0.0637,0.0638,0.064,0.0642,0.0655,0.0664,0.0674,0.0679,0.0685,0.0689,0.0692,0.0695,0.0696,0.0697,0.0701,0.0702,0.0706,0.0708,0.071,0.0711,0.0715,0.0716,0.0719,0.072,0.0721,0.0721,0.0732,0.0737,0.0737,0.0761,0.0765,0.0768,0.0782,0.0798,0.0813,0.0828,0.0843,0.086,0.0877,0.0894,0.0912,0.0939,0.0962,0.0986,0.0996,0.101,0.103,0.103,0.103
Latvia,,,,,,,,,,,,,,,,,,,,,,,,,,,,,,,,0.407,0.404,0.408,0.295,0.301,0.285,0.281,0.26,0.255,0.254,0.256,0.254,0.264,0.279,0.298,0.296,0.293,0.295,0.29,0.292,0.296,0.302,0.301,0.303,0.311
Lebanon,0.549,0.557,0.557,0.567,0.583,0.583,0.592,0.602,0.606,0.611,0.616,0.621,0.63,0.626,0.621,0.616,0.611,0.605,0.599,0.587,0.585,0.585,0.585,0.585,0.586,0.587,0.59,0.59,0.59,0.591,0.592,0.592,0.592,0.593,0.595,0.604,0.608,0.612,0.569,0.582,0.585,0.602,0.613,0.624,0.638,0.664,0.662,0.648,0.648,0.626,0.636,0.643,0.643,0.643,0.643,0.643
Lesotho,0.85,0.848,0.848,0.849,0.849,0.851,0.851,0.834,0.816,0.799,0.779,0.777,0.777,0.777,0.783,0.777,0.755,0.755,0.761,0.756,0.758,0.755,0.753,0.758,0.76,0.755,0.767,0.772,0.759,0.764,0.765,0.769,0.769,0.767,0.765,0.766,0.767,0.767,0.767,0.769,0.769,0.759,0.759,0.762,0.766,0.76,0.767,0.778,0.77,0.766,0.762,0.753,0.742,0.75,0.733,0.776
Liberia,0.268,0.268,0.268,0.268,0.268,0.267,0.267,0.267,0.267,0.267,0.267,0.267,0.267,0.267,0.267,0.267,0.267,0.267,0.267,0.267,0.267,0.268,0.268,0.268,0.269,0.27,0.27,0.27,0.27,0.259,0.26,0.26,0.26,0.26,0.26,0.26,0.262,0.266,0.269,0.271,0.271,0.271,0.271,0.271,0.271,0.271,0.271,0.273,0.275,0.276,0.281,0.281,0.28,0.28,0.28,0.28
Libya,0.0635,0.0647,0.0658,0.067,0.0682,0.0694,0.0705,0.0717,0.0729,0.074,0.0752,0.0764,0.0775,0.0787,0.0799,0.081,0.0822,0.0834,0.0845,0.0857,0.0863,0.0869,0.0876,0.0876,0.0877,0.0877,0.0878,0.0878,0.0878,0.0878,0.0879,0.0879,0.0879,0.0879,0.0882,0.089,0.089,0.0878,0.0878,0.0878,0.0878,0.0878,0.0878,0.0874,0.0874,0.0874,0.0874,0.0874,0.0874,0.0872,0.0872,0.0873,0.0873,0.0872,0.0872,0.0872
Liechtenstein,0.563,0.563,0.563,0.563,0.563,0.563,0.563,0.563,0.563,0.563,0.563,0.563,0.563,0.563,0.563,0.563,0.563,0.563,0.563,0.563,0.563,0.563,0.563,0.563,0.563,0.5,0.5,0.5,0.5,0.438,0.438,0.438,0.438,0.438,0.438,0.438,0.438,0.438,0.438,0.438,0.431,0.431,0.431,0.431,0.431,0.425,0.425,0.425,0.406,0.394,0.375,0.375,0.35,0.333,0.323,0.323
Lithuania,,,,,,,,,,,,,,,,,,,,,,,,,,,,,,,,0.541,0.532,0.499,0.544,0.544,0.545,0.546,0.558,0.545,0.462,0.46,0.405,0.415,0.453,0.445,0.43,0.426,0.429,0.442,0.448,0.453,0.461,0.471,0.48,0.472
Luxembourg,,,,,,,,,,,,,,,,,,,,,,,,,,,,,,,,,,,,,,,,0.527,0.527,0.527,0.527,0.527,0.531,0.531,0.539,0.539,0.538,0.539,0.54,0.541,0.539,0.539,0.54,0.537
Madagascar,0.604,0.605,0.605,0.606,0.606,0.606,0.607,0.607,0.608,0.608,0.609,0.609,0.609,0.61,0.615,0.615,0.618,0.619,0.619,0.62,0.62,0.621,0.621,0.622,0.622,0.623,0.623,0.624,0.624,0.625,0.625,0.625,0.627,0.627,0.627,0.629,0.645,0.662,0.679,0.696,0.702,0.702,0.702,0.702,0.703,0.703,0.703,0.707,0.712,0.712,0.712,0.712,0.712,0.712,0.712,0.712
Malawi,0.339,0.35,0.355,0.361,0.382,0.387,0.382,0.393,0.398,0.393,0.409,0.414,0.42,0.42,0.415,0.415,0.415,0.421,0.421,0.406,0.417,0.427,0.418,0.423,0.425,0.435,0.436,0.436,0.442,0.447,0.458,0.453,0.453,0.432,0.454,0.465,0.47,0.486,0.496,0.502,0.512,0.512,0.528,0.528,0.549,0.561,0.529,0.576,0.582,0.603,0.592,0.608,0.614,0.614,0.614,0.614
Malaysia,0.0939,0.0959,0.0997,0.102,0.106,0.107,0.109,0.113,0.114,0.118,0.12,0.124,0.127,0.128,0.133,0.135,0.139,0.14,0.147,0.149,0.154,0.155,0.158,0.159,0.165,0.174,0.185,0.194,0.205,0.206,0.207,0.207,0.21,0.213,0.212,0.212,0.212,0.211,0.211,0.211,0.211,0.214,0.217,0.217,0.217,0.215,0.216,0.218,0.22,0.225,0.229,0.238,0.245,0.246,0.261,0.263
Maldives,0.167,0.167,0.167,0.167,0.167,0.167,0.167,0.167,0.167,0.167,0.2,0.2,0.233,0.233,0.233,0.233,0.233,0.233,0.233,0.233,0.233,0.267,0.267,0.267,0.267,0.267,0.267,0.267,0.267,0.267,0.267,0.267,0.267,0.267,0.267,0.267,0.267,0.267,0.267,0.3,0.333,0.4,0.4,0.367,0.3,0.267,0.267,0.267,0.267,0.263,0.263,0.263,0.263,0.263,0.263,0.263
Mali,0.26,0.26,0.26,0.26,0.26,0.26,0.26,0.26,0.26,0.26,0.26,0.26,0.26,0.261,0.261,0.263,0.263,0.263,0.263,0.263,0.263,0.263,0.263,0.263,0.263,0.263,0.263,0.263,0.263,0.263,0.263,0.264,0.272,0.289,0.29,0.3,0.309,0.309,0.309,0.316,0.322,0.325,0.334,0.326,0.331,0.332,0.333,0.332,0.336,0.336,0.341,0.341,0.338,0.338,0.338,0.338
Malta,0.563,0.531,0.5,0.469,0.438,0.438,0.438,0.438,0.438,0.438,0.438,0.438,0.438,0.438,0.406,0.406,0.438,0.438,0.438,0.406,0.406,0.406,0.406,0.406,0.406,0.406,0.406,0.406,0.406,0.406,0.406,0.406,0.406,0.406,0.344,0.344,0.313,0.281,0.281,0.281,0.313,0.313,0.325,0.313,0.291,0.288,0.291,0.291,0.291,0.323,0.323,0.322,0.32,0.32,0.32,0.324
Marshall Islands,,,,,,,,,,,,,,,,,,,,,,,,,,,,,,,0.667,0.667,0.667,0.667,0.667,0.667,0.667,0.667,0.667,0.667,0.667,0.667,0.667,0.722,0.722,0.722,0.722,0.722,0.722,0.722,0.722,0.667,0.639,0.639,0.639,0.639
Mauritania,0.383,0.383,0.383,0.383,0.383,0.383,0.383,0.383,0.384,0.384,0.383,0.383,0.383,0.383,0.383,0.383,0.383,0.383,0.383,0.383,0.383,0.383,0.383,0.384,0.384,0.384,0.384,0.384,0.385,0.385,0.385,0.385,0.385,0.385,0.386,0.386,0.386,0.386,0.386,0.386,0.385,0.385,0.385,0.385,0.385,0.385,0.385,0.385,0.385,0.385,0.385,0.385,0.385,0.385,0.385,0.385
Mauritius,0.488,0.493,0.493,0.493,0.498,0.488,0.517,0.547,0.547,0.552,0.552,0.557,0.557,0.557,0.557,0.562,0.562,0.562,0.562,0.562,0.562,0.562,0.562,0.562,0.562,0.562,0.562,0.557,0.552,0.547,0.542,0.537,0.527,0.517,0.512,0.507,0.502,0.502,0.493,0.498,0.502,0.493,0.488,0.483,0.473,0.463,0.453,0.448,0.448,0.448,0.438,0.429,0.424,0.424,0.424,0.424
Mexico,0.506,0.505,0.505,0.504,0.504,0.504,0.503,0.503,0.503,0.502,0.499,0.5,0.501,0.502,0.502,0.502,0.502,0.505,0.504,0.505,0.505,0.506,0.52,0.52,0.522,0.522,0.528,0.53,0.535,0.541,0.546,0.546,0.546,0.546,0.546,0.547,0.547,0.547,0.547,0.547,0.548,0.548,0.548,0.548,0.548,0.548,0.549,0.548,0.548,0.548,0.548,0.548,0.55,0.55,0.549,0.546
"Micronesia, Fed. Sts.",,,,,,,,,,,,,,,,,,,,,,,,,,,,,,,0.321,0.321,0.321,0.321,0.321,0.321,0.321,0.321,0.321,0.321,0.321,0.321,0.321,0.321,0.321,0.321,0.321,0.321,0.314,0.314,0.314,0.314,0.314,0.314,0.314,0.314
Moldova,,,,,,,,,,,,,,,,,,,,,,,,,,,,,,,,0.779,0.776,0.776,0.776,0.776,0.776,0.777,0.777,0.774,0.772,0.771,0.769,0.767,0.76,0.755,0.756,0.754,0.752,0.75,0.749,0.749,0.748,0.748,0.748,0.742
Mongolia,0.906,0.906,0.906,0.906,0.906,0.906,0.906,0.906,0.905,0.906,0.906,0.906,0.906,0.906,0.906,0.808,0.811,0.811,0.803,0.802,0.802,0.802,0.804,0.802,0.802,0.802,0.804,0.806,0.808,0.809,0.812,0.796,0.767,0.763,0.763,0.763,0.83,0.831,0.839,0.84,0.835,0.835,0.732,0.732,0.73,0.735,0.735,0.735,0.732,0.731,0.731,0.73,0.729,0.727,0.727,0.715
Montenegro,,,,,,,,,,,,,,,,,,,,,,,,,,,,,,,,,,,,,,,,,,,,,,0.383,0.382,0.381,0.382,0.381,0.381,0.381,0.166,0.171,0.172,0.19
Morocco,0.524,0.528,0.534,0.54,0.547,0.554,0.559,0.565,0.57,0.576,0.601,0.586,0.592,0.597,0.603,0.608,0.616,0.626,0.627,0.648,0.652,0.654,0.656,0.658,0.659,0.661,0.665,0.666,0.674,0.68,0.68,0.686,0.688,0.694,0.689,0.694,0.692,0.694,0.688,0.687,0.68,0.679,0.692,0.673,0.672,0.671,0.671,0.672,0.672,0.672,0.675,0.681,0.685,0.685,0.685,0.685
Mozambique,0.593,0.593,0.593,0.594,0.594,0.594,0.594,0.595,0.597,0.598,0.598,0.598,0.599,0.599,0.599,0.599,0.599,0.599,0.599,0.599,0.6,0.601,0.601,0.602,0.603,0.603,0.604,0.605,0.606,0.606,0.607,0.607,0.607,0.608,0.609,0.61,0.612,0.613,0.613,0.612,0.614,0.619,0.62,0.621,0.626,0.625,0.629,0.631,0.633,0.635,0.635,0.635,0.635,0.635,0.635,0.635
Myanmar,0.16,0.16,0.161,0.162,0.162,0.164,0.165,0.165,0.165,0.165,0.165,0.165,0.158,0.158,0.158,0.159,0.158,0.159,0.159,0.159,0.159,0.16,0.16,0.159,0.16,0.16,0.159,0.159,0.159,0.16,0.159,0.159,0.16,0.159,0.16,0.161,0.161,0.161,0.162,0.165,0.167,0.167,0.168,0.17,0.172,0.177,0.183,0.188,0.19,0.192,0.192,0.192,0.193,0.193,0.195,0.195
Namibia,0.469,0.469,0.469,0.469,0.469,0.469,0.469,0.469,0.469,0.469,0.469,0.469,0.469,0.469,0.469,0.47,0.47,0.47,0.47,0.47,0.47,0.47,0.47,0.47,0.47,0.47,0.47,0.47,0.47,0.47,0.47,0.47,0.47,0.471,0.472,0.472,0.472,0.472,0.472,0.472,0.472,0.472,0.472,0.472,0.472,0.472,0.471,0.471,0.471,0.471,0.471,0.471,0.471,0.471,0.471,0.471
Nauru,0.15,0.15,0.15,0.15,0.2,0.2,0.2,0.2,0.2,0.2,0.2,0.2,0.2,0.2,0.2,0.2,0.2,0.2,0.2,0.2,0.2,0.2,0.2,0.2,0.2,0.2,0.2,0.2,0.2,0.2,0.2,0.2,0.2,0.2,0.2,0.2,0.2,0.2,0.2,0.2,0.2,0.2,0.2,0.2,0.2,0.2,0.2,0.2,0.2,0.2,0.2,0.2,0.2,0.2,0.2,0.2
Nepal,0.248,0.248,0.249,0.248,0.248,0.248,0.249,0.249,0.249,0.259,0.259,0.267,0.276,0.279,0.28,0.281,0.283,0.284,0.285,0.286,0.287,0.287,0.287,0.288,0.288,0.289,0.289,0.289,0.29,0.29,0.29,0.291,0.292,0.292,0.293,0.294,0.295,0.295,0.296,0.296,0.297,0.296,0.295,0.294,0.293,0.292,0.291,0.29,0.289,0.288,0.288,0.287,0.287,0.287,0.287,0.287
Netherlands,0.685,0.682,0.678,0.672,0.668,0.665,0.663,0.66,0.655,0.65,0.63,0.626,0.622,0.62,0.617,0.614,0.61,0.606,0.602,0.598,0.596,0.594,0.595,0.597,0.598,0.597,0.597,0.596,0.594,0.594,0.59,0.588,0.589,0.584,0.582,0.587,0.582,0.584,0.583,0.579,0.572,0.577,0.57,0.577,0.574,0.569,0.567,0.571,0.568,0.555,0.551,0.546,0.548,0.546,0.545,0.533
New Zealand,0.599,0.602,0.604,0.604,0.602,0.601,0.602,0.602,0.596,0.595,0.595,0.61,0.608,0.608,0.622,0.635,0.631,0.638,0.634,0.638,0.658,0.635,0.635,0.63,0.625,0.627,0.625,0.62,0.617,0.615,0.612,0.606,0.605,0.574,0.569,0.566,0.566,0.566,0.566,0.585,0.586,0.459,0.45,0.452,0.445,0.432,0.436,0.432,0.436,0.433,0.432,0.426,0.422,0.422,0.412,0.405
Nicaragua,0.285,0.285,0.288,0.29,0.292,0.297,0.297,0.297,0.298,0.298,0.3,0.3,0.301,0.302,0.302,0.302,0.31,0.31,0.311,0.311,0.318,0.318,0.318,0.323,0.32,0.321,0.323,0.327,0.332,0.334,0.337,0.342,0.348,0.351,0.378,0.387,0.4,0.408,0.417,0.427,0.43,0.439,0.443,0.435,0.441,0.432,0.431,0.425,0.424,0.418,0.421,0.424,0.421,0.421,0.421,0.421
Niger,0.249,0.249,0.249,0.249,0.249,0.249,0.249,0.254,0.254,0.246,0.247,0.246,0.243,0.235,0.235,0.235,0.235,0.235,0.237,0.243,0.239,0.24,0.245,0.243,0.243,0.247,0.245,0.247,0.248,0.261,0.269,0.276,0.276,0.276,0.284,0.284,0.284,0.284,0.292,0.292,0.3,0.3,0.303,0.304,0.339,0.339,0.346,0.346,0.346,0.347,0.351,0.354,0.361,0.361,0.361,0.361
Nigeria,0.584,0.592,0.615,0.626,0.649,0.62,0.639,0.639,0.701,0.67,0.653,0.606,0.662,0.617,0.606,0.606,0.554,0.538,0.53,0.554,0.518,0.531,0.535,0.578,0.603,0.659,0.663,0.667,0.672,0.676,0.702,0.708,0.714,0.727,0.751,0.753,0.755,0.765,0.778,0.783,0.763,0.775,0.788,0.788,0.798,0.805,0.809,0.798,0.758,0.769,0.78,0.791,0.777,0.777,0.777,0.777
North Korea,0.198,0.198,0.198,0.198,0.198,0.198,0.198,0.198,0.198,0.198,0.198,0.198,0.202,0.202,0.202,0.202,0.202,0.202,0.202,0.209,0.209,0.209,0.209,0.209,0.209,0.209,0.209,0.209,0.209,0.209,0.21,0.21,0.212,0.22,0.22,0.212,0.212,0.212,0.212,0.212,0.212,0.212,0.212,0.212,0.216,0.216,0.216,0.22,0.222,0.223,0.218,0.218,0.218,0.218,0.218,0.218
North Macedonia,,,,,,,,,,,,,,,,,,,,,,,,,,,,,,,,0.514,0.51,0.51,0.506,0.507,0.505,0.508,0.504,0.486,0.488,0.525,0.512,0.496,0.483,0.481,0.426,0.421,0.402,0.444,0.443,0.502,0.5,0.5,0.5,0.502
Norway,0.0283,0.0282,0.0281,0.0279,0.0277,0.0275,0.0274,0.0272,0.027,0.0261,0.0255,0.0249,0.0248,0.0247,0.0246,0.0245,0.0246,0.0246,0.0261,0.0256,0.0256,0.0258,0.0259,0.0261,0.0262,0.0265,0.0266,0.0267,0.0271,0.0267,0.0277,0.0275,0.0277,0.0282,0.0309,0.031,0.0284,0.0287,0.0284,0.0285,0.0287,0.0286,0.0285,0.0285,0.0284,0.0283,0.0283,0.0281,0.0278,0.0275,0.0274,0.0272,0.027,0.027,0.027,0.0269
Oman,0.0334,0.0334,0.0334,0.0335,0.0335,0.0335,0.0335,0.0336,0.0336,0.0337,0.0337,0.0337,0.0338,0.0338,0.0338,0.0339,0.0339,0.034,0.034,0.034,0.034,0.034,0.0341,0.0342,0.0343,0.0345,0.0346,0.0347,0.0348,0.0349,0.0349,0.035,0.0346,0.0346,0.0346,0.0346,0.0346,0.0346,0.0346,0.0379,0.0379,0.0411,0.0444,0.0476,0.0473,0.0473,0.0473,0.0471,0.047,0.0466,0.0464,0.046,0.0459,0.0459,0.0463,0.0464
Pakistan,0.463,0.465,0.465,0.472,0.483,0.485,0.486,0.482,0.463,0.465,0.46,0.461,0.472,0.464,0.467,0.463,0.466,0.472,0.471,0.485,0.474,0.5,0.472,0.486,0.482,0.461,0.476,0.459,0.465,0.457,0.458,0.459,0.464,0.464,0.467,0.469,0.476,0.477,0.477,0.476,0.48,0.478,0.478,0.468,0.467,0.469,0.467,0.458,0.458,0.457,0.466,0.468,0.471,0.47,0.47,0.478
Palau,,,,,,,,,,,,,,,,,,,,,,,,,,,,,,,0.109,0.109,0.109,0.109,0.109,0.109,0.109,0.109,0.109,0.109,0.109,0.109,0.109,0.109,0.109,0.109,0.109,0.109,0.109,0.109,0.109,0.109,0.109,0.109,0.109,0.109
Palestine,0.608,0.608,0.608,0.606,0.606,0.608,0.61,0.61,0.61,0.611,0.611,0.611,0.611,0.613,0.613,0.616,0.62,0.623,0.621,0.623,0.63,0.631,0.635,0.636,0.631,0.631,0.628,0.628,0.626,0.623,0.618,0.615,0.615,0.615,0.625,0.618,0.615,0.58,0.605,0.618,0.613,0.615,0.61,0.61,0.604,0.594,0.587,0.582,0.497,0.412,0.431,0.452,0.466,0.495,0.493,0.493
Panama,0.218,0.22,0.221,0.222,0.223,0.224,0.225,0.226,0.227,0.227,0.23,0.234,0.237,0.24,0.243,0.246,0.249,0.249,0.249,0.25,0.253,0.257,0.261,0.264,0.268,0.272,0.275,0.278,0.282,0.286,0.287,0.289,0.289,0.287,0.287,0.287,0.288,0.289,0.29,0.3,0.301,0.301,0.301,0.3,0.3,0.299,0.3,0.3,0.3,0.305,0.304,0.304,0.304,0.304,0.304,0.304
Papua New Guinea,0.0109,0.0109,0.0109,0.0112,0.0112,0.0113,0.0123,0.0129,0.0136,0.0142,0.0148,0.015,0.0152,0.0154,0.0158,0.016,0.0162,0.0167,0.017,0.017,0.0172,0.017,0.0169,0.0171,0.0178,0.0183,0.0187,0.0191,0.0192,0.0194,0.0195,0.0196,0.0197,0.0198,0.0206,0.0211,0.0212,0.0215,0.0219,0.0222,0.0223,0.0221,0.0222,0.0225,0.0227,0.023,0.023,0.0263,0.0263,0.0263,0.0263,0.0263,0.0263,0.0263,0.0263,0.0263
Paraguay,0.262,0.265,0.268,0.271,0.274,0.277,0.28,0.282,0.285,0.287,0.29,0.292,0.296,0.303,0.308,0.314,0.319,0.312,0.318,0.328,0.339,0.35,0.363,0.377,0.39,0.417,0.429,0.43,0.431,0.432,0.433,0.437,0.437,0.404,0.414,0.479,0.483,0.493,0.505,0.512,0.508,0.493,0.487,0.494,0.502,0.509,0.517,0.524,0.531,0.534,0.538,0.541,0.546,0.551,0.551,0.551
Peru,0.132,0.134,0.136,0.138,0.139,0.138,0.138,0.139,0.139,0.14,0.14,0.143,0.143,0.143,0.143,0.144,0.145,0.145,0.146,0.146,0.146,0.147,0.147,0.147,0.147,0.148,0.148,0.148,0.148,0.171,0.171,0.172,0.172,0.169,0.171,0.173,0.174,0.177,0.178,0.181,0.181,0.178,0.179,0.179,0.182,0.183,0.184,0.185,0.187,0.188,0.188,0.19,0.19,0.186,0.182,0.185
Philippines,0.259,0.261,0.264,0.273,0.273,0.273,0.278,0.278,0.277,0.279,0.278,0.283,0.288,0.297,0.308,0.324,0.338,0.34,0.349,0.356,0.358,0.36,0.362,0.363,0.366,0.368,0.37,0.371,0.372,0.374,0.374,0.373,0.371,0.369,0.369,0.372,0.38,0.378,0.377,0.377,0.375,0.373,0.377,0.385,0.381,0.388,0.395,0.403,0.406,0.406,0.411,0.417,0.417,0.417,0.417,0.417
Poland,0.663,0.662,0.659,0.657,0.651,0.651,0.647,0.646,0.639,0.638,0.637,0.632,0.631,0.629,0.628,0.627,0.626,0.624,0.622,0.621,0.617,0.617,0.616,0.618,0.618,0.616,0.616,0.614,0.614,0.614,0.612,0.612,0.611,0.611,0.608,0.603,0.603,0.602,0.602,0.601,0.581,0.552,0.528,0.533,0.519,0.521,0.505,0.509,0.51,0.472,0.483,0.474,0.471,0.471,0.469,0.469
Portugal,0.423,0.424,0.425,0.425,0.426,0.427,0.427,0.428,0.429,0.429,0.43,0.431,0.431,0.432,0.432,0.433,0.433,0.434,0.435,0.435,0.435,0.436,0.436,0.436,0.437,0.437,0.437,0.438,0.438,0.433,0.428,0.424,0.433,0.432,0.429,0.408,0.391,0.407,0.422,0.432,0.421,0.424,0.417,0.423,0.418,0.411,0.4,0.407,0.403,0.399,0.398,0.4,0.404,0.403,0.403,0.395
Qatar,0.0439,0.0439,0.0439,0.0439,0.0439,0.0439,0.0439,0.0439,0.0439,0.0439,0.0439,0.0439,0.0439,0.0448,0.0448,0.0448,0.0448,0.0448,0.0457,0.0474,0.0482,0.0491,0.05,0.0508,0.0508,0.0517,0.0525,0.0525,0.0517,0.0525,0.0525,0.0551,0.056,0.056,0.056,0.0568,0.0568,0.0568,0.0568,0.0568,0.0571,0.0556,0.0556,0.0556,0.0553,0.0565,0.0565,0.0578,0.0561,0.0573,0.056,0.0573,0.059,0.0582,0.0584,0.0577
Romania,0.634,0.638,0.639,0.64,0.642,0.644,0.644,0.65,0.65,0.648,0.648,0.649,0.647,0.648,0.649,0.649,0.649,0.65,0.65,0.65,0.649,0.65,0.65,0.651,0.652,0.653,0.655,0.656,0.643,0.644,0.645,0.645,0.645,0.645,0.645,0.644,0.645,0.642,0.644,0.647,0.644,0.645,0.644,0.614,0.617,0.61,0.593,0.593,0.592,0.615,0.607,0.597,0.604,0.601,0.602,0.588
Russia,,,,,,,,,,,,,,,,,,,,,,,,,,,,,,,,0.135,0.134,0.133,0.132,0.132,0.133,0.133,0.132,0.133,0.132,0.132,0.132,0.132,0.132,0.132,0.132,0.132,0.132,0.131,0.131,0.131,0.132,0.133,0.133,0.133
Rwanda,0.533,0.537,0.541,0.545,0.549,0.553,0.557,0.561,0.566,0.569,0.587,0.611,0.61,0.642,0.653,0.664,0.675,0.681,0.688,0.695,0.713,0.719,0.726,0.733,0.737,0.742,0.747,0.751,0.752,0.762,0.761,0.745,0.701,0.602,0.602,0.626,0.647,0.655,0.673,0.677,0.709,0.742,0.731,0.736,0.723,0.731,0.732,0.733,0.733,0.731,0.736,0.736,0.747,0.733,0.734,0.734
Samoa,0.198,0.201,0.201,0.201,0.219,0.219,0.219,0.223,0.223,0.224,0.226,0.226,0.226,0.226,0.23,0.244,0.251,0.251,0.26,0.261,0.272,0.272,0.274,0.276,0.276,0.277,0.271,0.272,0.192,0.191,0.191,0.184,0.184,0.18,0.18,0.18,0.18,0.18,0.18,0.17,0.17,0.166,0.159,0.152,0.148,0.142,0.136,0.131,0.123,0.124,0.124,0.124,0.124,0.124,0.124,0.124
San Marino,0.167,0.167,0.167,0.167,0.167,0.167,0.167,0.167,0.167,0.167,0.167,0.167,0.167,0.167,0.167,0.167,0.167,0.167,0.167,0.167,0.167,0.167,0.167,0.167,0.167,0.167,0.167,0.167,0.167,0.167,0.167,0.167,0.167,0.167,0.167,0.167,0.167,0.167,0.167,0.167,0.167,0.167,0.167,0.167,0.167,0.167,0.167,0.167,0.167,0.167,0.167,0.167,0.167,0.167,0.167,0.167
Sao Tome and Principe,0.365,0.365,0.365,0.365,0.375,0.375,0.375,0.375,0.375,0.375,0.385,0.385,0.385,0.385,0.385,0.385,0.385,0.385,0.385,0.385,0.385,0.385,0.385,0.385,0.396,0.396,0.396,0.396,0.438,0.438,0.438,0.438,0.438,0.458,0.469,0.469,0.479,0.479,0.49,0.51,0.531,0.531,0.563,0.521,0.51,0.51,0.516,0.51,0.51,0.505,0.507,0.507,0.507,0.507,0.507,0.507
Saudi Arabia,0.401,0.401,0.401,0.401,0.401,0.401,0.401,0.402,0.402,0.402,0.402,0.402,0.403,0.403,0.403,0.404,0.404,0.404,0.404,0.405,0.405,0.405,0.406,0.43,0.454,0.478,0.502,0.526,0.55,0.574,0.575,0.576,0.608,0.641,0.674,0.706,0.739,0.776,0.808,0.808,0.808,0.808,0.808,0.808,0.808,0.808,0.808,0.807,0.807,0.807,0.807,0.806,0.806,0.807,0.808,0.808
Senegal,0.449,0.449,0.454,0.454,0.46,0.46,0.465,0.474,0.462,0.46,0.465,0.465,0.467,0.47,0.47,0.47,0.459,0.459,0.459,0.459,0.459,0.459,0.459,0.459,0.459,0.459,0.459,0.459,0.458,0.461,0.452,0.456,0.458,0.463,0.458,0.463,0.448,0.436,0.473,0.469,0.457,0.454,0.448,0.451,0.456,0.441,0.442,0.482,0.493,0.491,0.466,0.466,0.461,0.461,0.461,0.461
Serbia,,,,,,,,,,,,,,,,,,,,,,,,,,,,,,,,,,,,,,,,,,,,,,0.404,0.409,0.412,0.402,0.403,0.403,0.396,0.399,0.401,0.397,0.393
Seychelles,0.109,0.109,0.109,0.109,0.109,0.109,0.109,0.109,0.109,0.109,0.109,0.109,0.109,0.109,0.109,0.109,0.109,0.109,0.109,0.109,0.109,0.13,0.13,0.13,0.13,0.13,0.13,0.109,0.109,0.087,0.087,0.087,0.087,0.087,0.087,0.087,0.087,0.087,0.087,0.087,0.087,0.087,0.087,0.087,0.087,0.087,0.0652,0.0652,0.063,0.0522,0.0326,0.0326,0.0337,0.0337,0.0337,0.0337
Sierra Leone,0.362,0.363,0.364,0.364,0.365,0.366,0.366,0.368,0.368,0.369,0.37,0.37,0.371,0.372,0.373,0.373,0.374,0.375,0.377,0.377,0.378,0.38,0.381,0.383,0.39,0.391,0.391,0.391,0.391,0.391,0.391,0.39,0.389,0.389,0.389,0.389,0.389,0.389,0.388,0.389,0.416,0.448,0.494,0.523,0.528,0.558,0.502,0.514,0.527,0.545,0.557,0.532,0.547,0.547,0.547,0.547
Singapore,0.209,0.209,0.194,0.194,0.194,0.194,0.194,0.179,0.179,0.179,0.149,0.164,0.164,0.134,0.119,0.119,0.119,0.119,0.119,0.119,0.104,0.0896,0.0896,0.0896,0.0746,0.0597,0.0448,0.0448,0.0299,0.0299,0.0179,0.0179,0.0179,0.0179,0.0179,0.0179,0.0179,0.0179,0.0179,0.0179,0.0179,0.0178,0.0116,0.0116,0.011,0.0108,0.0115,0.01,0.01,0.0105,0.0104,0.0103,0.00948,0.00931,0.00931,0.00931
Slovak Republic,,,,,,,,,,,,,,,,,,,,,,,,,,,,,,,,,0.509,0.509,0.509,0.508,0.508,0.508,0.508,0.507,0.469,0.465,0.465,0.402,0.404,0.403,0.401,0.403,0.401,0.404,0.401,0.401,0.394,0.393,0.393,0.392
Slovenia,,,,,,,,,,,,,,,,,,,,,,,,,,,,,,,,0.28,0.278,0.273,0.267,0.261,0.246,0.243,0.248,0.257,0.253,0.251,0.253,0.244,0.253,0.244,0.247,0.307,0.31,0.31,0.308,0.304,0.303,0.305,0.306,0.307
Solomon Islands,0.0196,0.0196,0.0196,0.0196,0.0196,0.0196,0.0196,0.0196,0.0196,0.0196,0.0196,0.0196,0.0196,0.0196,0.0196,0.0196,0.02,0.0204,0.0211,0.0211,0.0211,0.0222,0.0222,0.0229,0.0229,0.0236,0.0232,0.0239,0.0243,0.0243,0.0247,0.0254,0.0254,0.0257,0.0261,0.0261,0.0261,0.0264,0.0272,0.0272,0.0275,0.0282,0.0297,0.0297,0.0318,0.0336,0.0336,0.0347,0.0361,0.0382,0.0382,0.0386,0.0386,0.0386,0.0386,0.0386
Somalia,0.7,0.7,0.7,0.7,0.7,0.7,0.7,0.7,0.7,0.701,0.701,0.701,0.701,0.701,0.701,0.701,0.701,0.701,0.701,0.701,0.701,0.702,0.702,0.702,0.702,0.702,0.702,0.702,0.702,0.702,0.702,0.702,0.702,0.702,0.702,0.702,0.702,0.702,0.702,0.702,0.703,0.705,0.706,0.707,0.707,0.704,0.702,0.703,0.703,0.703,0.702,0.702,0.703,0.703,0.703,0.703
South Africa,0.835,0.825,0.816,0.806,0.796,0.795,0.793,0.791,0.79,0.788,0.786,0.785,0.783,0.782,0.78,0.778,0.778,0.777,0.777,0.776,0.776,0.775,0.775,0.775,0.775,0.778,0.78,0.782,0.786,0.788,0.791,0.795,0.799,0.802,0.804,0.807,0.807,0.808,0.808,0.809,0.808,0.808,0.807,0.805,0.804,0.799,0.799,0.801,0.8,0.799,0.794,0.798,0.798,0.798,0.798,0.798
South Korea,0.219,0.216,0.218,0.227,0.236,0.24,0.242,0.243,0.242,0.241,0.238,0.235,0.235,0.235,0.236,0.235,0.235,0.235,0.233,0.233,0.233,0.233,0.232,0.231,0.23,0.23,0.23,0.23,0.228,0.226,0.224,0.221,0.22,0.217,0.212,0.208,0.206,0.204,0.203,0.205,0.201,0.198,0.196,0.196,0.194,0.192,0.19,0.187,0.185,0.182,0.181,0.184,0.182,0.179,0.178,0.174
Spain,0.665,0.665,0.663,0.655,0.654,0.643,0.648,0.643,0.651,0.643,0.654,0.652,0.646,0.642,0.639,0.631,0.632,0.63,0.628,0.625,0.625,0.624,0.617,0.613,0.615,0.613,0.613,0.612,0.615,0.61,0.608,0.606,0.601,0.604,0.595,0.603,0.602,0.6,0.596,0.597,0.592,0.59,0.584,0.582,0.584,0.573,0.561,0.564,0.561,0.551,0.54,0.539,0.534,0.531,0.532,0.526
Sri Lanka,0.275,0.272,0.328,0.335,0.344,0.352,0.36,0.37,0.371,0.372,0.373,0.374,0.375,0.376,0.376,0.382,0.388,0.394,0.376,0.375,0.375,0.366,0.368,0.369,0.369,0.371,0.372,0.373,0.373,0.373,0.373,0.374,0.37,0.37,0.371,0.371,0.371,0.371,0.374,0.375,0.375,0.376,0.378,0.368,0.4,0.389,0.381,0.414,0.4,0.418,0.435,0.429,0.437,0.437,0.437,0.437
St. Kitts and Nevis,0.571,0.571,0.571,0.571,0.571,0.571,0.571,0.571,0.514,0.429,0.429,0.429,0.429,0.429,0.429,0.429,0.429,0.429,0.429,0.577,0.577,0.538,0.538,0.5,0.5,0.462,0.462,0.462,0.462,0.462,0.462,0.462,0.462,0.385,0.385,0.346,0.346,0.346,0.385,0.365,0.358,0.312,0.312,0.309,0.192,0.193,0.196,0.196,0.212,0.219,0.231,0.231,0.231,0.231,0.231,0.231
St. Lucia,0.279,0.279,0.295,0.295,0.295,0.295,0.311,0.311,0.311,0.311,0.328,0.328,0.328,0.326,0.328,0.328,0.328,0.328,0.331,0.336,0.341,0.344,0.348,0.352,0.357,0.348,0.344,0.344,0.344,0.343,0.325,0.323,0.323,0.32,0.295,0.285,0.279,0.254,0.252,0.233,0.228,0.215,0.203,0.182,0.179,0.166,0.162,0.166,0.174,0.174,0.174,0.174,0.174,0.174,0.174,0.174
St. Vincent and the Grenadines,0.256,0.256,0.282,0.282,0.282,0.282,0.282,0.282,0.282,0.282,0.282,0.282,0.256,0.256,0.256,0.256,0.282,0.282,0.308,0.308,0.308,0.282,0.308,0.308,0.308,0.333,0.333,0.333,0.333,0.308,0.308,0.308,0.308,0.308,0.308,0.282,0.282,0.282,0.282,0.256,0.256,0.256,0.256,0.256,0.256,0.256,0.256,0.256,0.256,0.256,0.256,0.256,0.256,0.256,0.256,0.256
Suriname,0.00263,0.00269,0.00263,0.00295,0.00301,0.00282,0.00276,0.00276,0.00301,0.00308,0.00333,0.0034,0.00359,0.00365,0.00372,0.00378,0.00391,0.00397,0.0041,0.00442,0.00468,0.00481,0.00481,0.00494,0.00519,0.00538,0.00564,0.00564,0.00564,0.00564,0.00571,0.00571,0.00571,0.00571,0.00571,0.00571,0.00564,0.00564,0.00564,0.00564,0.00551,0.00474,0.00516,0.00497,0.00467,0.00467,0.00449,0.00454,0.00515,0.00502,0.00513,0.00469,0.00533,0.00565,0.00558,0.00558
Sweden,0.103,0.102,0.097,0.0961,0.0938,0.0925,0.0922,0.0907,0.0913,0.0915,0.0916,0.091,0.0906,0.091,0.0908,0.091,0.0907,0.0909,0.0904,0.0903,0.0896,0.0892,0.0886,0.088,0.0851,0.0847,0.0842,0.0838,0.0833,0.0832,0.0818,0.0815,0.0818,0.0818,0.0796,0.0803,0.0794,0.0787,0.0778,0.0768,0.0769,0.0773,0.0771,0.0776,0.0784,0.0771,0.0764,0.0754,0.075,0.0752,0.0747,0.0748,0.0748,0.0745,0.0746,0.0744
Switzerland,0.439,0.439,0.435,0.433,0.43,0.429,0.427,0.427,0.427,0.423,0.421,0.421,0.418,0.417,0.416,0.416,0.415,0.416,0.42,0.418,0.417,0.416,0.415,0.413,0.412,0.411,0.41,0.409,0.407,0.406,0.405,0.404,0.403,0.401,0.4,0.399,0.399,0.398,0.397,0.396,0.395,0.395,0.394,0.393,0.392,0.391,0.391,0.39,0.389,0.388,0.388,0.387,0.386,0.385,0.384,0.384
Syria,0.813,0.815,0.818,0.808,0.778,0.742,0.742,0.73,0.732,0.732,0.732,0.771,0.788,0.79,0.768,0.773,0.764,0.762,0.76,0.765,0.768,0.768,0.761,0.76,0.759,0.757,0.757,0.747,0.734,0.734,0.735,0.741,0.742,0.75,0.75,0.75,0.751,0.748,0.749,0.746,0.747,0.749,0.752,0.757,0.753,0.756,0.757,0.757,0.757,0.757,0.758,0.758,0.758,0.758,0.758,0.758
Tajikistan,,,,,,,,,,,,,,,,,,,,,,,,,,,,,,,,0.321,0.325,0.319,0.327,0.328,0.326,0.325,0.326,0.327,0.327,0.327,0.328,0.332,0.334,0.338,0.338,0.338,0.34,0.34,0.34,0.339,0.339,0.341,0.341,0.341
Tanzania,0.294,0.294,0.305,0.305,0.305,0.305,0.305,0.305,0.305,0.316,0.327,0.327,0.327,0.327,0.327,0.327,0.327,0.339,0.339,0.339,0.35,0.35,0.35,0.35,0.361,0.361,0.361,0.361,0.361,0.361,0.366,0.366,0.368,0.371,0.375,0.378,0.38,0.382,0.383,0.384,0.385,0.386,0.387,0.397,0.399,0.399,0.402,0.417,0.421,0.423,0.432,0.448,0.448,0.448,0.448,0.448
Thailand,0.228,0.234,0.244,0.248,0.253,0.259,0.263,0.268,0.272,0.279,0.282,0.298,0.315,0.33,0.337,0.343,0.352,0.36,0.366,0.371,0.379,0.387,0.389,0.392,0.403,0.407,0.416,0.418,0.418,0.419,0.421,0.418,0.416,0.413,0.415,0.408,0.4,0.392,0.392,0.388,0.388,0.385,0.383,0.383,0.384,0.386,0.388,0.392,0.409,0.412,0.412,0.428,0.433,0.433,0.433,0.433
Timor-Leste,0.155,0.155,0.155,0.155,0.155,0.155,0.156,0.156,0.157,0.163,0.163,0.165,0.168,0.168,0.171,0.174,0.176,0.182,0.186,0.188,0.19,0.191,0.192,0.194,0.196,0.198,0.201,0.204,0.205,0.214,0.222,0.222,0.225,0.229,0.229,0.23,0.231,0.229,0.227,0.227,0.243,0.243,0.245,0.259,0.259,0.259,0.252,0.256,0.257,0.25,0.251,0.258,0.256,0.256,0.256,0.256
Togo,0.564,0.564,0.564,0.564,0.565,0.565,0.565,0.565,0.565,0.565,0.53,0.53,0.53,0.53,0.53,0.53,0.53,0.548,0.557,0.558,0.558,0.558,0.558,0.567,0.568,0.568,0.572,0.577,0.577,0.587,0.587,0.587,0.607,0.607,0.607,0.625,0.634,0.649,0.667,0.667,0.64,0.644,0.64,0.635,0.598,0.603,0.643,0.652,0.663,0.674,0.674,0.708,0.702,0.702,0.702,0.702
Tonga,0.375,0.389,0.403,0.403,0.417,0.431,0.431,0.431,0.458,0.444,0.444,0.458,0.458,0.472,0.472,0.458,0.458,0.458,0.458,0.472,0.472,0.472,0.458,0.458,0.458,0.458,0.458,0.458,0.444,0.444,0.444,0.444,0.444,0.444,0.458,0.458,0.431,0.431,0.431,0.417,0.417,0.417,0.417,0.417,0.417,0.431,0.431,0.431,0.444,0.444,0.444,0.458,0.458,0.458,0.458,0.458
Trinidad and Tobago,0.189,0.189,0.191,0.191,0.191,0.191,0.191,0.191,0.191,0.191,0.197,0.197,0.214,0.216,0.207,0.207,0.207,0.207,0.207,0.197,0.185,0.172,0.144,0.144,0.138,0.138,0.138,0.14,0.14,0.15,0.158,0.158,0.158,0.158,0.148,0.148,0.138,0.129,0.131,0.131,0.117,0.117,0.117,0.107,0.105,0.105,0.105,0.105,0.105,0.105,0.105,0.105,0.105,0.105,0.105,0.105
Tunisia,0.557,0.555,0.554,0.558,0.557,0.555,0.554,0.553,0.561,0.572,0.571,0.576,0.58,0.582,0.585,0.589,0.59,0.581,0.576,0.56,0.563,0.567,0.573,0.573,0.568,0.56,0.56,0.547,0.558,0.556,0.593,0.602,0.606,0.598,0.602,0.6,0.602,0.606,0.613,0.615,0.611,0.628,0.63,0.633,0.632,0.631,0.631,0.636,0.63,0.646,0.648,0.639,0.64,0.648,0.648,0.648
Turkey,0.474,0.476,0.486,0.485,0.485,0.487,0.485,0.489,0.502,0.496,0.498,0.504,0.504,0.498,0.493,0.492,0.494,0.494,0.505,0.501,0.502,0.483,0.477,0.489,0.495,0.5,0.512,0.51,0.518,0.516,0.521,0.518,0.519,0.522,0.513,0.511,0.51,0.519,0.524,0.526,0.532,0.535,0.528,0.535,0.536,0.526,0.513,0.508,0.506,0.507,0.497,0.499,0.499,0.501,0.501,0.498
Turkmenistan,,,,,,,,,,,,,,,,,,,,,,,,,,,,,,,,0.752,0.754,0.754,0.755,0.755,0.755,0.755,0.756,0.755,0.755,0.752,0.749,0.746,0.742,0.738,0.735,0.731,0.728,0.724,0.72,0.72,0.72,0.72,0.72,0.72
Tuvalu,0.667,0.667,0.667,0.667,0.667,0.667,0.667,0.667,0.667,0.667,0.667,0.667,0.667,0.667,0.667,0.667,0.667,0.667,0.667,0.667,0.667,0.667,0.667,0.667,0.667,0.667,0.667,0.667,0.667,0.667,0.667,0.667,0.667,0.667,0.667,0.667,0.667,0.667,0.667,0.667,0.567,0.567,0.567,0.567,0.567,0.567,0.6,0.6,0.6,0.6,0.6,0.6,0.6,0.6,0.6,0.6
Uganda,0.451,0.456,0.463,0.494,0.494,0.495,0.495,0.497,0.498,0.499,0.502,0.505,0.509,0.514,0.521,0.527,0.527,0.531,0.531,0.535,0.539,0.543,0.566,0.576,0.581,0.591,0.591,0.591,0.594,0.599,0.602,0.603,0.605,0.606,0.607,0.609,0.609,0.613,0.614,0.626,0.631,0.641,0.656,0.664,0.664,0.674,0.684,0.696,0.706,0.711,0.719,0.721,0.719,0.719,0.719,0.719
Ukraine,,,,,,,,,,,,,,,,,,,,,,,,,,,,,,,,0.724,0.723,0.723,0.722,0.722,0.722,0.718,0.716,0.715,0.714,0.715,0.714,0.714,0.713,0.713,0.712,0.713,0.712,0.712,0.713,0.713,0.717,0.717,0.717,0.717
United Arab Emirates,0.0293,0.0293,0.0293,0.0293,0.0294,0.0296,0.0296,0.0296,0.0296,0.0299,0.0299,0.0299,0.03,0.0301,0.0303,0.0304,0.0306,0.0307,0.0308,0.0314,0.032,0.032,0.0327,0.0327,0.0331,0.0335,0.0335,0.0337,0.0337,0.0401,0.0436,0.0477,0.05,0.0524,0.0539,0.0552,0.0563,0.0567,0.0734,0.0777,0.0798,0.0804,0.0787,0.0787,0.0791,0.0765,0.0757,0.0767,0.0553,0.0559,0.0554,0.0537,0.0541,0.0546,0.0546,0.0547
United Kingdom,0.818,0.818,0.816,0.814,0.81,0.808,0.808,0.803,0.801,0.779,0.779,0.775,0.773,0.77,0.768,0.767,0.764,0.764,0.763,0.763,0.757,0.756,0.753,0.752,0.751,0.749,0.749,0.762,0.757,0.752,0.75,0.747,0.725,0.72,0.718,0.723,0.727,0.724,0.712,0.701,0.701,0.702,0.701,0.705,0.701,0.737,0.729,0.731,0.716,0.712,0.709,0.71,0.713,0.712,0.708,0.717
United States,0.489,0.485,0.482,0.479,0.476,0.476,0.475,0.476,0.475,0.474,0.473,0.472,0.471,0.47,0.47,0.47,0.47,0.467,0.467,0.467,0.467,0.471,0.471,0.471,0.471,0.471,0.466,0.466,0.466,0.466,0.466,0.464,0.462,0.46,0.459,0.455,0.453,0.453,0.452,0.452,0.453,0.451,0.452,0.449,0.449,0.447,0.451,0.452,0.448,0.446,0.442,0.447,0.444,0.446,0.444,0.444
Uruguay,0.934,0.928,0.922,0.919,0.913,0.909,0.905,0.898,0.894,0.885,0.882,0.88,0.878,0.875,0.873,0.871,0.869,0.866,0.864,0.862,0.86,0.858,0.857,0.855,0.853,0.851,0.849,0.848,0.847,0.852,0.853,0.853,0.853,0.853,0.854,0.854,0.854,0.854,0.854,0.855,0.855,0.853,0.853,0.847,0.847,0.84,0.831,0.838,0.846,0.825,0.83,0.813,0.826,0.826,0.826,0.826
Uzbekistan,,,,,,,,,,,,,,,,,,,,,,,,,,,,,,,,0.652,0.65,0.65,0.65,0.65,0.65,0.643,0.643,0.642,0.642,0.636,0.631,0.631,0.629,0.629,0.627,0.626,0.626,0.627,0.626,0.629,0.629,0.629,0.629,0.629
Vanuatu,0.0861,0.0861,0.0861,0.0861,0.0927,0.0927,0.0927,0.0927,0.0927,0.0984,0.0984,0.0984,0.0984,0.0984,0.103,0.103,0.104,0.104,0.105,0.105,0.107,0.108,0.111,0.111,0.112,0.116,0.117,0.121,0.122,0.125,0.126,0.129,0.13,0.131,0.135,0.137,0.138,0.141,0.142,0.144,0.145,0.146,0.148,0.148,0.15,0.152,0.153,0.153,0.153,0.153,0.153,0.153,0.153,0.153,0.153,0.153
Venezuela,0.218,0.219,0.22,0.22,0.221,0.222,0.223,0.224,0.225,0.226,0.227,0.227,0.229,0.23,0.23,0.232,0.234,0.235,0.237,0.238,0.239,0.24,0.241,0.243,0.245,0.248,0.249,0.25,0.247,0.248,0.248,0.245,0.245,0.245,0.245,0.245,0.245,0.245,0.245,0.245,0.245,0.244,0.244,0.245,0.245,0.244,0.244,0.245,0.244,0.245,0.245,0.245,0.245,0.245,0.245,0.245
Vietnam,0.193,0.193,0.194,0.194,0.194,0.194,0.195,0.196,0.196,0.197,0.197,0.198,0.199,0.2,0.2,0.207,0.209,0.21,0.21,0.211,0.211,0.211,0.212,0.212,0.207,0.207,0.206,0.206,0.206,0.207,0.207,0.216,0.218,0.219,0.217,0.236,0.241,0.247,0.258,0.282,0.305,0.304,0.308,0.316,0.324,0.325,0.325,0.33,0.332,0.347,0.347,0.348,0.35,0.392,0.393,0.393
Yemen,0.442,0.442,0.442,0.443,0.443,0.443,0.443,0.443,0.443,0.444,0.444,0.444,0.444,0.444,0.444,0.444,0.444,0.444,0.444,0.444,0.444,0.444,0.444,0.444,0.445,0.445,0.445,0.445,0.445,0.447,0.448,0.445,0.449,0.449,0.45,0.45,0.449,0.449,0.448,0.448,0.447,0.448,0.445,0.446,0.446,0.448,0.448,0.445,0.444,0.447,0.444,0.446,0.446,0.446,0.446,0.446
Zambia,0.26,0.26,0.261,0.262,0.262,0.264,0.264,0.265,0.266,0.267,0.27,0.272,0.271,0.272,0.272,0.275,0.273,0.271,0.266,0.267,0.267,0.266,0.269,0.269,0.271,0.272,0.274,0.276,0.281,0.28,0.28,0.283,0.285,0.289,0.289,0.294,0.296,0.296,0.301,0.303,0.303,0.304,0.308,0.308,0.306,0.31,0.309,0.311,0.317,0.315,0.318,0.321,0.319,0.321,0.321,0.321
Zimbabwe,0.284,0.286,0.288,0.291,0.292,0.295,0.297,0.299,0.302,0.304,0.306,0.308,0.309,0.311,0.312,0.313,0.313,0.314,0.316,0.317,0.319,0.321,0.323,0.325,0.327,0.329,0.331,0.333,0.335,0.336,0.341,0.345,0.349,0.355,0.358,0.368,0.373,0.375,0.384,0.389,0.394,0.4,0.405,0.414,0.416,0.421,0.419,0.425,0.421,0.419,0.424,0.419,0.419,0.419,0.419,0.419
