country,1970,1971,1972,1973,1974,1975,1976,1977,1978,1979,1980,1981,1982,1983,1984,1985,1986,1987,1988,1989,1990,1991,1992,1993,1994,1995,1996,1997,1998,1999,2000,2001,2002,2003,2004,2005,2006,2007,2008
Afghanistan,0,0,250000,0,0,0,80000,0,272000,0,30000,0,0,0,0,0,0,0,161000,0,0,141000,4600,0,0,7530,9920,20800,330,500,0,0,5630,3890,4520,18600,33300,30600,1180
Albania,0,0,0,0,0,0,0,0,0,0,0,0,0,0,0,0,0,0,0,0,0,0,35000,0,0,3500,0,8000,0,0,0,0,66900,0,2500,503,0,0,0
Algeria,0,0,0,146000,20000,0,0,0,0,30000,0,93,8550,0,1520,15000,0,0,0,0,0,0,2280,38,31200,0,105,3000,0,714,249,46300,2350,91,27600,1830,60000,1390,59100
Angola,0,0,0,0,0,0,0,0,0,0,0,0,0,0,0,0,0,0,0,100000,0,0,0,0,0,0,0,0,0,0,79100,40000,8,840,334000,10000,225,46100,81400
Argentina,36,0,0,0,0,0,0,2500,1600,20000,40000,0,50000,6080000,0,1210000,204000,12000,4600000,0,2020,0,88100,0,0,2500,0,12500,360000,0,37800,251000,12000,163000,6310,0,4500,135000,85000
Armenia,0,0,0,0,0,0,0,0,0,0,0,0,0,0,0,0,0,0,0,0,0,0,0,0,0,0,0,7000,144,0,0,0,0,0,1,0,0,0,0
Australia,0,27,0,12000,14,0,10000,0,7,0,0,2,0,0,36,0,8,0,16,9,6010,0,0,20500,0,0,13200,400,15200,0,600,4000,0,471,3620,3000,1100,5010,4200
Austria,0,0,0,0,0,0,0,0,0,0,0,0,0,0,0,12,0,0,0,0,0,5,0,0,0,2,0,3,0,3,0,0,60000,0,0,904,516,0,0
Azerbaijan,0,0,0,0,0,0,0,0,0,0,0,0,0,0,0,0,0,0,0,0,0,0,0,0,0,1660000,0,75000,0,0,0,0,0,31500,0,0,0,0,0
Bahamas,0,0,0,0,0,0,0,0,0,0,0,0,0,0,0,0,0,0,0,0,0,0,0,0,0,0,0,0,0,0,0,0,0,0,0,0,0,0,0
Bangladesh,10000000,0,50,427,38000000,0,4000000,214000,400000,0,10000000,0,308000,7160000,30000000,500000,400000,29700000,45000000,200000,2010000,2990000,75200,15800000,395000,14700000,5830000,900000,15000000,496000,2680000,700000,1500000,550000,36900000,1150000,212000,13800000,618000
Barbados,213,0,0,0,0,0,0,0,0,0,0,0,0,0,100,0,0,0,0,0,0,0,0,0,0,0,0,0,0,0,0,0,0,0,0,0,0,0,0
Belarus,0,0,0,0,0,0,0,0,0,0,0,0,0,0,0,0,0,0,0,0,0,0,0,40000,0,0,0,0,0,2000,0,0,0,0,0,0,0,0,0
Belgium,0,600,0,0,0,0,0,0,0,0,0,0,0,0,0,0,0,0,0,0,0,0,0,600,135,0,0,0,141,0,0,0,2400,0,0,210,0,0,0
Belize,0,0,0,0,0,0,0,0,0,17000,0,0,0,0,0,0,0,0,0,0,0,0,0,0,0,2600,0,0,0,0,0,0,0,0,0,0,0,0,38000
Benin,0,0,0,0,0,0,0,0,0,0,0,0,580000,0,0,475000,0,0,84000,0,0,3,0,0,34000,123000,149000,51000,420000,57500,0,0,0,0,0,0,0,10900,158000
Bhutan,0,0,0,0,0,0,0,0,0,0,0,0,0,0,0,0,0,0,0,0,0,0,0,0,622,0,0,0,0,0,1200,0,0,0,0,0,0,0,0
Bolivia,0,0,0,0,18000,0,0,90000,178000,0,15000,0,30000,50200,3000,475,310000,20000,0,0,0,0,40000,0,0,0,0,190000,0,1600,7040,357000,5220,57600,0,0,127000,825000,0
Bosnia and Herzegovina,0,0,0,0,0,0,0,0,0,0,0,0,0,0,0,0,0,0,0,0,0,0,0,0,0,0,0,0,0,0,0,9000,0,0,278000,3100,0,0,0
Botswana,0,0,1000,0,0,0,0,0,0,0,0,0,0,0,0,0,0,0,12000,0,0,0,0,0,0,5520,0,0,0,0,139000,0,0,0,4960,0,0,0,0
Brazil,104000,13200,0,20,325000,828000,0,131000,1030,1500000,271000,52400,0,3340000,392000,612000,8360,10600,3070000,1030000,2820,17000,148000,0,0,33900,7020,62300,47500,7,87000,11100,3520,206000,5290,41000,116000,206000,1790000
Bulgaria,0,0,0,0,0,0,0,0,0,0,0,0,0,0,0,0,0,0,0,0,0,0,0,0,0,0,0,200,0,0,0,0,1,0,0,12200,0,1080,0
Burkina Faso,0,0,0,0,0,0,0,900,0,0,0,0,0,0,1500,572,0,0,33300,0,0,0,0,0,66500,0,0,0,0,1570,0,0,0,12100,0,0,25600,121000,4880
Burundi,0,0,0,0,0,0,0,0,0,0,0,0,0,0,0,0,0,0,0,3610,0,0,0,0,0,0,0,0,0,0,500,0,8000,0,10000,5000,14800,25700,3280
Cambodia,0,0,0,0,0,0,0,0,0,0,0,0,0,0,0,0,0,0,0,0,0,900000,0,0,29500,0,1300000,0,0,660000,3450000,1670000,1470000,0,0,16,38000,19000,0
Cameroon,0,0,0,0,0,0,0,0,0,0,0,0,0,0,0,0,0,0,1000,0,0,202,0,0,6,0,0,0,0,1020,503,1530,0,0,0,2,0,10300,25000
Canada,0,0,0,0,0,0,0,0,0,0,0,0,0,0,0,0,4500,1,2,0,8,0,0,200,0,5600,12000,29000,3100,0,0,0,0,2470,1000,5600,3900,500,2400
Central African Republic,0,0,0,13000,0,0,0,0,0,0,0,0,0,0,0,0,0,0,0,0,0,0,0,0,0,3910,17500,0,9200,45900,0,0,0,240,12700,23800,0,7810,795
Chad,0,0,0,0,0,0,0,0,0,0,0,0,0,0,0,500,0,0,47500,0,0,53,0,0,0,80700,0,0,1000,174000,0,176000,0,0,0,0,52,173000,14400
Chile,0,0,0,0,40000,0,0,0,6000,0,0,0,8000,0,0,0,54100,198000,0,21,2500,0,0,3380,0,28,0,76800,0,0,182000,12600,231000,0,9000,1350,95900,0,145000
China,0,0,0,0,0,0,0,0,0,0,113000,3190000,817000,100,28000,19200,9800000,941000,25600000,100000000,42300000,210000000,685000,8630,112000000,127000000,155000000,7690000,243000000,107000000,763000,2350000,113000000,156000000,42700000,34800000,15000000,111000000,7190000
Colombia,5110000,51,0,5180,0,0,47,0,0,102000,90,150,90,0,0,0,250000,871,131000,16,20600,0,0,80400,18000,86100,180000,15000,0,151000,79100,6000,125000,74100,532000,602000,222000,1610000,1250000
"Congo, Dem. Rep.",0,0,0,0,0,0,0,0,0,0,0,0,0,0,0,0,0,0,0,0,27500,0,0,0,89,0,0,35500,0,78000,0,13100,2580,1480,0,0,13000,1630,517
"Congo, Rep.",0,0,0,0,0,0,0,0,0,0,0,0,0,0,0,0,0,0,0,0,0,0,0,0,16500,0,0,0,20000,42000,0,0,53000,0,0,2000,5010,25000,0
Costa Rica,15300,0,0,0,0,0,0,0,0,0,1350,0,0,0,0,0,0,0,12500,0,0,185000,0,38500,2560,0,20000,0,0,10000,0,1440,95000,2500,3060,3000,0,24500,154000
Cote d'Ivoire,0,0,0,0,0,0,0,0,0,0,0,0,0,0,0,0,0,0,0,7000,0,0,0,0,0,0,28,0,0,0,0,0,0,0,0,0,0,2000,456
Croatia,0,0,0,0,0,0,0,0,0,0,0,0,0,0,0,0,0,0,0,0,0,0,0,0,0,0,0,0,0,0,600,1200,0,0,0,250,0,0,0
Cuba,0,0,0,0,0,0,0,18000,0,0,0,0,0,165000,0,3000,7500,0,90000,0,11000,0,9130,572000,38600,33200,10900,35000,0,0,677,0,35000,600,0,0,1500,18000,20000
Czech Republic,0,0,0,0,0,0,0,0,0,0,0,0,0,0,0,0,0,0,0,0,0,0,0,0,0,0,61,102000,6,0,0,0,200000,0,0,1,4320,0,0
Djibouti,0,0,0,0,0,0,0,91000,106000,0,0,102000,0,0,0,0,0,0,0,150000,0,0,0,20000,120000,0,0,0,0,0,0,0,0,0,100000,0,0,0,0
Dominican Republic,0,0,0,0,0,0,0,0,0,1030,0,150000,0,0,0,907,0,0,1190000,0,0,10,0,20000,0,0,1000,0,0,0,0,0,1750,65500,10700,1450,0,19800,0
Ecuador,151000,2400,0,30000,0,0,0,0,0,0,0,0,700000,200000,0,0,0,10000,0,30000,0,0,205000,0,0,0,0,49200,0,0,66,9590,54700,7900,0,0,57700,0,289000
Egypt,0,0,0,0,0,15,0,0,0,66000,0,0,0,0,0,0,0,0,0,0,0,209,0,0,161000,3010,272,4,0,0,0,0,888,0,0,0,0,0,0
El Salvador,0,0,0,0,0,0,0,0,0,0,0,0,68500,0,0,0,0,0,39100,10,0,0,8000,0,0,1510,0,0,0,5460,402,1000,101,0,0,2380,0,502,3030
Eritrea,0,0,0,0,0,0,0,0,0,0,0,0,0,0,0,0,0,0,0,0,0,0,0,0,0,0,0,0,0,0,0,0,0,0,7010,0,0,0,0
Eswatini,0,0,0,0,0,0,0,0,0,0,0,0,0,0,0,0,0,0,0,0,0,0,0,0,0,0,0,0,0,0,272000,0,0,0,0,0,0,0,2500
Ethiopia,0,0,0,0,0,0,70000,16000,1010,0,0,20000,0,0,0,28000,0,0,47300,0,350000,0,0,34800,43000,93900,115000,65400,0,147000,30100,39500,4020,110000,0,243000,435000,245000,116000
Fiji,0,0,0,0,0,0,0,0,0,0,0,0,0,0,0,0,215000,0,0,10,0,0,0,0,0,0,0,0,0,0,4,0,0,0,600,0,228,906,0
Finland,0,0,0,0,0,0,0,0,0,0,0,0,0,0,0,0,0,0,0,0,0,0,0,0,0,0,0,0,0,0,0,0,0,0,0,400,0,0,0
France,0,0,0,0,0,0,0,25000,1000,0,319,0,0,3730,0,0,0,23,310,0,0,0,3,4,423,0,1380,0,0,4140,2320,16900,3500,27000,0,4000,0,0,0
Gabon,0,0,0,0,0,0,0,0,0,0,0,0,0,0,0,0,0,0,10000,0,0,0,0,0,0,0,0,0,0,0,0,0,0,0,0,0,0,0,0
Gambia,0,0,0,0,0,0,0,0,0,0,0,0,0,0,0,0,0,0,0,0,0,0,0,0,0,0,4000,0,0,32000,0,251,0,0,0,0,0,300,400
Georgia,0,0,0,0,0,0,0,0,0,0,0,0,0,0,0,0,0,0,0,0,0,0,0,0,0,301,0,507,0,0,0,0,0,0,91,2500,600,0,0
Germany,0,0,0,0,0,0,0,0,0,0,0,0,0,0,0,0,0,0,0,0,0,0,0,100000,2,0,0,5200,0,100000,0,0,330000,0,0,451,1000,1,0
Ghana,0,0,0,0,0,0,0,0,0,0,0,0,0,0,0,0,0,0,0,2810,0,2000000,0,0,0,700000,0,0,0,325000,0,144000,2200,0,0,0,0,333000,58000
Greece,0,0,0,0,0,0,0,1630,0,15,0,0,0,0,0,0,0,0,0,0,0,0,0,0,1010,0,0,9,903,0,6600,1060,390,450,0,0,3090,602,0
Grenada,0,0,0,0,0,0,0,0,0,0,0,0,0,0,0,0,0,0,0,0,0,0,0,0,0,0,0,0,0,0,0,0,0,0,0,0,0,0,0
Guatemala,0,0,0,1000,0,0,0,0,0,0,0,0,20900,0,0,0,0,6600,6000,10,0,0,0,0,610,7470,0,0,0,6040,3020,0,98700,0,0,0,0,2110,180000
Guinea,0,0,0,0,0,0,0,0,0,0,0,5000,0,0,0,0,0,0,0,0,0,0,0,6070,0,0,0,0,0,0,0,220000,0,0,0,0,1200,20700,4200
Guinea-Bissau,0,0,0,0,0,0,0,0,0,0,0,0,0,0,0,0,0,0,0,0,0,0,0,0,0,0,0,0,0,0,0,0,0,0,1000,0,0,0,750
Guyana,0,21000,0,0,0,0,0,0,0,0,0,0,0,0,0,0,0,0,0,0,0,0,0,0,0,0,38000,0,0,0,0,0,0,0,0,275000,35000,0,100000
Haiti,0,0,40100,0,0,0,0,0,0,0,0,0,0,0,0,0,144000,8940,3930,24900,0,0,0,5010,0,0,58,0,0,63,1220,5110,38400,162000,34000,14100,24700,105000,0
Honduras,0,0,0,0,0,0,15000,0,0,40000,0,0,0,0,0,0,30000,0,16100,0,48000,0,0,82900,15600,25000,75000,0,0,503000,0,0,980,3120,0,808,1500,15500,313000
Hungary,300,0,0,0,0,0,0,0,0,0,0,0,0,0,0,0,0,0,0,0,0,0,0,0,0,0,200,0,0,134000,2000,10000,1430,0,393,0,32000,0,0
Iceland,0,0,0,0,0,0,0,0,0,0,0,0,0,0,0,0,0,0,280,0,0,0,0,0,0,0,0,0,0,0,0,0,0,0,0,0,0,0,0
India,10400000,166000,0,0,260,34000000,0,1050000,32000000,28000000,32000000,16000000,33500000,251000,19000000,11300000,395000,18300000,22300000,3610,2220,8700000,3070000,128000000,12100000,32700000,7270000,30300000,29600000,27600000,50400000,20600000,42000000,7560000,33200000,28300000,7240000,38200000,12400000
Indonesia,82,0,0,0,0,0,20200,290000,282000,35000,3100,352000,39000,418000,360000,4340,127000,29100,100000,61500,21200,240000,266000,268000,329000,260000,825000,0,100000,16000,489000,86100,592000,439000,13000,20900,700000,571000,461000
Iran,0,0,0,0,0,0,0,0,0,0,950000,158,0,0,0,0,40300,865,150000,150000,0,215000,35100,500000,95000,6290,4050,1410,56800,25500,410,1210000,205000,1370,4090,4860,2810,12,1500
Iraq,0,0,0,0,0,0,0,0,0,0,0,0,0,0,0,0,0,0,0,0,0,0,0,0,0,0,0,0,0,0,0,0,0,0,8000,0,59900,0,604
Ireland,0,0,0,0,0,0,0,0,0,0,0,0,0,0,0,0,0,0,0,0,0,0,0,3500,0,0,0,0,0,0,0,0,300,0,0,0,0,0,0
Israel,0,0,0,0,0,0,0,0,0,0,0,0,0,0,0,0,0,0,0,0,0,0,0,0,0,0,0,15,1000,0,0,0,0,0,0,0,0,0,0
Italy,1300000,0,0,0,0,0,0,1020,0,0,0,0,0,0,0,0,2,0,0,0,0,0,1000,0,17400,0,517,0,0,0,46100,2,10000,1350,202,0,0,0,309
Jamaica,0,0,0,0,0,0,0,0,0,250000,0,0,0,0,0,0,40000,26000,0,0,0,551000,0,4380,0,0,0,0,0,0,0,0,25000,0,0,0,5000,0,0
Japan,0,0,458,0,0,0,0,5,15000,28100,20,0,27700,0,0,0,162000,0,27,10,615,0,0,4800,0,12000,0,0,24000,24200,360000,139,0,837,28100,900,10600,10000,50000
Jordan,0,0,0,0,0,0,0,0,0,0,0,0,0,0,0,0,0,38,0,0,0,18000,0,0,0,0,0,2,0,0,0,0,0,0,0,0,0,0,0
Kazakhstan,0,0,0,0,0,0,0,0,0,0,0,0,0,0,0,0,0,0,0,0,0,0,0,30000,0,0,0,0,0,0,2500,3670,0,0,0,25000,0,0,13000
Kenya,0,0,0,0,0,16000,0,20100,0,0,0,0,3080,0,0,0,0,0,0,0,44,0,0,0,0,0,1000,900000,240,0,0,4,175000,60300,12000,36200,784000,42700,62500
Kiribati,0,0,0,0,0,0,0,0,0,0,0,0,0,0,0,0,0,0,0,0,0,0,0,0,0,0,0,0,0,0,0,0,0,0,0,0,0,0,85
Kuwait,0,0,0,0,0,0,0,0,0,0,0,0,0,0,0,0,0,0,0,0,0,0,0,0,0,0,0,202,0,0,0,0,0,0,0,0,0,0,0
Kyrgyz Republic,0,0,0,0,0,0,0,0,0,0,0,0,0,0,0,0,0,0,0,0,0,0,0,0,0,0,0,0,7730,0,0,0,0,0,0,2050,0,845,0
Lao,0,115000,0,0,0,0,0,0,459000,0,0,0,0,0,2010,0,0,0,0,0,0,332000,160,0,190000,591000,420000,0,0,0,450000,453000,150000,0,0,0,0,0,204000
Lebanon,0,0,0,0,0,0,0,0,0,0,0,0,0,0,0,0,0,1500,0,0,0,0,0,0,0,0,0,0,0,0,0,0,0,17000,0,0,0,0,0
Lesotho,0,0,0,0,0,0,0,0,0,0,0,0,0,0,0,80000,0,100000,0,0,22,0,0,0,0,0,0,0,0,0,0,0,0,0,0,0,0,0,0
Liberia,0,0,0,0,0,0,0,0,0,0,0,0,0,0,0,0,0,0,0,0,0,0,0,0,0,0,0,0,5010,0,0,0,0,0,0,0,0,17000,340
Libya,0,0,0,0,0,0,0,0,0,0,0,0,0,0,0,0,0,0,0,0,0,0,0,0,0,0,0,0,0,0,0,0,0,0,0,0,0,0,0
Lithuania,0,0,0,0,0,0,0,0,0,0,0,0,0,0,0,0,0,0,0,0,0,0,0,0,0,0,0,0,0,0,0,0,0,0,0,0,0,0,0
Luxembourg,0,0,0,0,0,0,0,0,0,0,0,0,0,0,0,0,0,0,0,0,0,0,0,0,0,0,0,0,0,0,0,0,0,0,0,0,0,0,0
Madagascar,0,0,0,0,0,0,0,0,0,0,0,0,0,0,0,0,28200,0,0,0,0,0,0,0,0,0,0,0,20000,0,0,0,0,23400,0,59600,0,33000,0
Malawi,0,0,0,0,0,0,0,0,0,20000,0,0,6000,0,0,0,0,0,0,100000,0,150000,0,0,0,1300,0,400000,15000,2000,20000,509000,396000,19500,0,44500,16000,202000,0
Malaysia,243000,0,0,0,0,0,0,0,3000,0,0,0,0,15000,0,0,25000,2580,60000,0,0,0,0,25000,0,0,418,0,2500,2000,8010,33200,0,18800,31000,30600,106000,167000,2000
Maldives,0,0,0,0,0,0,0,0,0,0,0,0,0,0,0,0,0,300,0,0,0,0,0,0,0,0,0,0,0,0,0,0,0,0,0,0,0,1650,0
Mali,0,0,0,0,0,0,0,0,0,0,0,0,0,0,0,0,0,0,10000,14600,0,0,0,0,0,0,0,0,6440,2200,15,3500,22500,10000,0,1860,1000,88900,2500
Marshall Islands,0,0,0,0,0,0,0,0,0,0,0,0,0,0,0,0,0,0,0,0,0,0,0,0,0,0,0,0,0,0,0,0,0,0,0,0,0,0,600
Mauritania,0,0,0,0,0,0,0,0,0,0,0,0,0,0,3000,6900,0,0,0,0,0,0,0,0,0,600,0,0,0,23800,0,3000,27500,21000,0,7500,10600,54100,0
Mexico,35,0,100000,150000,0,0,0,0,7010,60000,100000,0,5220,0,20000,0,20,228,0,40,17900,44000,0,261000,0,0,9000,0,30400,619000,2140,21,7040,53900,4130,14000,0,1660000,20000
"Micronesia, Fed. Sts.",0,0,0,0,0,0,0,0,0,0,0,0,0,0,0,0,0,0,0,0,0,0,0,0,0,0,0,0,0,0,0,0,0,0,0,0,0,0,0
Moldova,0,0,0,0,0,0,0,0,0,0,0,0,0,0,0,0,0,0,0,0,0,0,0,0,25000,0,0,2250,0,1710,0,0,501,0,0,6500,0,0,4000
Mongolia,0,0,0,0,0,0,0,0,0,0,0,0,0,0,0,0,0,0,0,0,0,0,0,0,5,0,41,0,0,0,0,4000,0,1660,0,0,0,0,0
Montenegro,0,0,0,0,0,0,0,0,0,0,0,0,0,0,0,0,0,0,0,0,0,0,0,0,0,0,0,0,0,0,0,0,0,0,0,0,0,1090,0
Morocco,266000,0,0,0,0,12000,0,38000,0,6310,0,0,0,0,0,0,0,0,0,0,0,0,0,0,0,38800,60000,60,0,0,956,315,15100,10000,0,0,2120,0,20000
Mozambique,0,500000,0,0,0,75000,0,440000,200000,0,0,500000,0,0,0,500000,0,0,0,2,0,0,0,0,0,0,0,400000,0,70000,4500000,749000,500,515000,0,47800,0,402000,0
Myanmar,90,0,0,0,1400000,0,200000,3000,0,10000,0,0,0,0,0,0,0,0,0,0,0,360000,4630,0,0,32000,0,138000,0,50000,0,3800,50000,0,0,0,10000,167000,0
Namibia,0,0,0,0,0,0,0,0,0,0,0,0,0,0,0,0,0,0,0,0,0,0,0,0,0,0,0,0,0,0,5000,0,0,12000,25000,0,2300,15000,30000
Nepal,20400,0,0,0,0,0,0,0,27900,0,0,10800,92,200000,200,62600,22,351000,27,0,2530,533,0,554000,0,13100,153000,0,70300,18200,50200,0,0,59500,800000,31600,0,641000,250000
Netherlands,0,0,0,0,0,0,0,0,0,0,0,0,0,0,0,0,0,0,0,0,0,0,0,13000,0,0,0,0,2000,0,0,0,0,0,0,0,0,0,0
New Zealand,0,0,0,0,0,0,129,120,2730,0,2900,2250,0,140,6800,274,1830,700,1960,154,0,248,0,0,157,0,0,200,200,350,0,0,300,0,5350,400,1200,0,0
Nicaragua,0,0,0,0,0,0,8020,0,0,30000,40000,0,0,0,0,0,0,0,0,0,106000,0,0,0,0,0,0,0,0,107000,5500,0,13600,0,0,0,0,24000,14200
Niger,0,0,0,0,16000,0,0,0,0,0,0,0,0,0,0,0,0,0,80000,0,0,0,0,0,62000,0,0,0,20000,24400,4160,20000,0,30000,0,0,46500,57300,33000
Nigeria,0,0,0,0,0,0,0,0,0,0,0,0,0,0,0,6000,0,0,300000,0,0,0,0,0,580000,0,0,0,107000,117000,5500,90100,200,210000,30000,4060,13000,55100,0
North Korea,0,0,0,0,0,0,0,0,0,0,0,0,0,0,0,0,0,20400,0,0,0,0,0,0,0,6200000,3270000,29000,10200,42200,0,188000,58400,0,200000,16500,92100,1170000,0
North Macedonia,0,0,0,0,0,0,0,0,0,0,0,0,0,0,0,0,0,0,0,0,0,0,0,0,0,1500,0,0,0,0,0,0,1650,4750,100000,2000,1500,0,0
Norway,0,0,0,0,0,0,0,0,0,0,0,0,0,0,0,0,0,0,0,0,0,0,0,0,0,4000,0,0,0,0,600,1500,0,0,0,0,0,0,0
Pakistan,0,0,0,4800000,0,0,5570000,1020000,2250000,3210,86300,82,10100,64300,2040,0,0,0,1000000,142000,0,24,12800000,261000,840000,1260000,1300000,852000,201000,1080,0,400000,4050,1270000,5,7530000,8520,3230,291000
Palestine,0,0,0,0,0,0,0,0,0,0,0,0,0,0,0,0,0,0,0,0,0,0,0,0,0,0,0,0,0,0,0,0,0,0,0,0,0,0,0
Panama,44400,0,300,4010,0,0,0,0,2020,0,0,0,0,0,1000,0,6000,0,0,0,0,20100,0,0,0,501,0,0,0,896,1000,775,26500,1000,22800,7000,6440,131,23900
Papua New Guinea,0,0,0,0,0,0,0,0,0,0,0,0,0,13100,0,0,0,0,0,0,0,0,90000,54000,0,0,0,0,0,38000,0,0,0,0,10000,2490,12400,0,75300
Paraguay,0,27000,0,0,0,0,0,0,0,190000,0,0,85000,100000,0,0,0,0,45000,0,15000,0,65600,0,0,275000,0,75000,55,0,0,0,2760,0,0,0,0,0,0
Peru,136000,330000,0,0,0,0,0,961,22000,0,36100,5070,55300,0,0,0,200000,28700,38,538,2660,0,30000,219000,101000,0,0,0,0,491000,72,66300,10900,65500,7500,0,15300,47700,495000
Philippines,0,0,2770000,5000,1200000,99,15900,7320,2550,16000,26000,308000,201000,1850,0,5510,618,0,0,308000,713000,893,1050000,348000,812000,130000,96000,105000,0,2100000,166000,91300,156000,3500,21700,193000,732000,86800,1600000
Poland,0,0,0,0,0,0,0,1000,0,0,4500,0,16800,0,0,0,0,0,0,0,0,0,0,0,0,0,0,225000,1210,0,0,15000,0,0,600,3600,500,0,0
Portugal,0,0,0,0,0,0,0,0,0,45200,0,930,0,2020,0,0,0,0,0,0,0,0,0,0,0,0,3060,0,0,0,0,206,61,36,0,0,240,0,112
Romania,239000,0,0,0,0,1000000,0,0,0,0,0,0,0,0,2000,0,0,0,0,0,0,15100,0,0,2,5000,0,122000,12000,9070,63400,14800,8710,603,28100,58100,24600,4270,10500
Russia,0,0,0,0,0,0,0,0,0,0,0,0,0,0,0,0,0,0,0,0,0,0,0,14900,798000,0,234000,502,190000,1200,76500,375000,385000,600,6540,9070,7720,14000,0
Rwanda,0,0,0,0,1900000,0,0,0,0,0,0,0,0,0,0,0,0,0,21700,0,0,0,0,0,0,0,0,0,0,0,0,3010,20100,7020,0,0,0,4530,11400
Samoa,0,0,0,0,0,0,0,0,0,0,0,0,0,0,0,0,0,0,0,0,0,0,0,0,0,0,0,0,0,0,0,0,0,0,0,0,0,0,0
Saudi Arabia,0,0,0,0,0,0,0,0,0,0,0,0,0,0,0,5030,0,0,0,0,0,0,0,0,0,0,0,0,0,0,0,0,19,13100,435,130,0,0,0
Senegal,0,0,0,0,0,0,0,0,0,0,0,0,0,5000,0,3000,0,0,10000,0,0,0,0,5000,17500,0,0,0,300000,0,0,0,179000,7780,0,50000,0,5310,9980
Serbia,0,0,0,0,0,0,0,0,0,0,0,0,0,0,0,0,0,0,0,0,0,0,0,0,0,0,0,0,0,0,0,0,0,0,0,0,0,12400,0
Seychelles,0,0,0,0,0,0,0,0,0,0,0,0,0,0,0,0,0,0,0,0,0,0,0,0,0,0,0,1240,0,0,0,0,0,0,0,0,0,0,0
Sierra Leone,0,0,0,0,0,0,0,0,0,0,0,0,0,0,0,0,0,0,0,0,0,0,0,0,0,0,200000,0,0,0,0,0,0,0,10,15000,0,4500,0
Slovak Republic,0,0,0,0,0,0,0,0,0,0,0,0,0,0,0,0,0,0,0,0,0,0,0,0,0,0,0,0,11700,36200,0,1,0,0,231,1,101,0,0
Slovenia,0,0,0,0,0,0,0,0,0,0,0,0,0,0,0,0,0,0,0,0,0,0,0,0,0,0,0,0,0,0,0,0,0,0,0,0,0,0,0
Solomon Islands,0,0,0,0,0,0,0,0,0,0,0,0,0,0,0,0,0,0,0,0,0,0,0,0,0,0,0,0,0,0,0,0,0,0,0,0,0,0,0
Somalia,0,0,0,0,0,0,0,40000,0,0,0,30000,0,0,0,0,0,30000,0,50000,0,0,0,0,100,8520,103,1230000,0,0,374000,6500,0,301,1500,7530,487000,10000,52000
South Africa,0,0,0,0,26,0,0,1000,26,0,0,289,0,0,0,0,0,65500,25,0,0,0,0,15000,11000,4710,7560,307,0,2330,3290,42700,2520,501,15000,0,7170,38000,4010
South Korea,7030,0,1130000,0,0,0,0,76300,2030,0,0,0,0,0,351000,0,0,154000,0,0,189000,1590,283,0,0,0,60400,130,121000,30300,3110,310000,4030,0,4700,14500,4680,1000,23
Spain,0,0,0,500,0,0,0,0,2,70,0,0,227000,508000,0,0,0,2000,0,12,0,0,0,0,10,0,4000,405,0,0,1020,0,56,0,600,0,0,4440,0
Sri Lanka,0,0,0,0,0,0,0,0,2010,0,0,20000,130000,1250000,575000,0,64500,0,0,501000,440000,297000,656000,330000,728000,120000,10000,5010,364000,375000,400000,160,500000,695000,200000,145000,333000,406000,738000
St. Kitts and Nevis,0,0,0,0,0,0,0,0,0,0,0,0,0,0,0,0,0,0,0,0,0,0,0,0,0,0,0,0,0,0,0,0,0,0,0,0,0,0,0
St. Vincent and the Grenadines,0,0,0,0,0,0,0,0,0,0,0,0,0,0,0,0,152,1000,0,0,0,0,203,0,0,0,0,0,0,0,0,0,0,0,0,0,0,0,0
Sudan,0,0,0,0,0,145000,0,0,100000,0,0,0,0,132000,0,0,0,0,2500000,0,0,0,0,2020,5970,0,121000,100000,1000000,281000,0,97000,100000,325000,0,161000,167000,566000,92800
Suriname,0,0,0,0,0,0,0,0,0,0,0,0,0,0,0,0,0,0,0,0,0,0,0,0,0,0,0,0,0,0,0,0,0,0,0,0,25000,0,6550
Sweden,0,0,0,0,0,0,0,0,0,0,0,0,0,0,0,11,0,0,0,0,0,0,0,0,0,0,0,0,0,0,0,0,0,0,0,0,0,0,0
Switzerland,0,0,0,0,0,0,0,0,0,0,0,0,0,0,0,0,0,0,0,0,0,0,0,0,0,0,0,0,0,3,0,0,0,0,0,2510,3000,102,0
Syria,0,0,0,0,205000,0,0,0,0,0,0,0,0,0,0,0,0,0,0,0,0,0,0,0,0,0,0,0,0,0,0,0,0,0,0,0,6,0,0
Tajikistan,0,0,0,0,0,0,0,0,0,0,0,0,0,0,0,0,0,0,0,0,280,0,64800,0,6050,0,180000,0,41900,9420,0,2190,4280,1760,400000,5120,0,17300,0
Tanzania,0,0,0,0,68000,0,0,0,9000,90000,0,0,40000,0,0,0,6000,0,6500,141000,163000,0,0,202000,7030,21800,0,10200,4660,0,1850,205,1210,2000,0,10600,21500,0,9530
Thailand,0,0,0,0,0,3000000,0,0,2030000,0,630000,0,0,1000000,786000,7660,27800,24,1120000,0,0,16600,0,889000,171000,4280000,5000000,14,0,284000,3310000,471000,3290000,108000,507000,819000,2560000,183000,1540000
Timor-Leste,0,0,0,0,0,0,0,0,0,0,0,0,0,0,0,0,0,0,0,0,0,0,0,0,0,0,0,0,0,0,0,2510,0,1050,0,0,0,948,0
Togo,0,0,0,0,0,0,0,0,0,0,0,0,0,0,0,0,0,0,0,0,0,0,0,0,11500,185000,0,0,30400,65000,0,0,0,0,0,0,2000,141000,44800
Trinidad and Tobago,0,0,0,0,0,0,0,0,0,0,0,0,0,0,0,0,0,0,0,0,0,0,0,15,0,0,200,0,0,0,0,0,0,0,0,0,0,0,0
Tunisia,0,0,0,44400,0,0,0,0,0,750,0,0,30100,0,0,0,2520,0,0,0,152000,0,0,0,0,0,0,0,0,0,0,0,0,27000,0,0,0,6520,0
Turkey,0,0,0,0,33,0,0,0,0,0,60100,10,0,0,200,0,0,0,1510,0,4570,542,0,0,0,307000,0,0,1240000,0,1000,2530,3030,8,50100,3010,63100,3200,0
Turkmenistan,0,0,0,0,0,0,0,0,0,0,0,0,0,0,0,0,0,0,0,0,0,0,0,420,0,0,0,0,0,0,0,0,0,0,0,0,0,0,0
Uganda,0,0,0,0,0,0,0,0,0,0,0,0,0,0,0,0,0,0,0,0,0,0,0,0,0,0,0,154000,15200,0,0,801,877,2220,30000,0,5680,721000,30100
Ukraine,0,0,0,0,0,0,0,0,0,0,0,0,0,0,0,0,0,0,0,0,0,0,0,325000,0,1700000,10000,0,24600,0,0,300000,0,600,0,8340,5000,0,225000
United Kingdom,0,0,0,0,0,0,0,6,0,0,0,0,0,0,0,0,0,0,0,0,0,0,0,604,707,0,0,1,305,330,1440,240,751,0,1010,0,0,370000,3310
United States,0,0,3240,56,0,0,139,2840,27,0,117000,30,11,10,5530,5560,2010,0,0,0,3390,15,0,44000,14100,115000,243000,191000,37000,100,3650,23800,146000,3220,5340,18300,74100,8890,11000000
Uruguay,0,0,0,0,0,0,0,0,0,0,0,0,0,0,0,0,18500,0,0,0,0,1500,4700,0,0,0,0,0,9300,0,5000,5000,2500,200,0,0,0,120000,0
Uzbekistan,0,0,0,0,0,0,0,0,0,0,0,0,0,0,0,0,0,0,0,0,0,0,0,0,0,0,0,0,0,0,0,0,0,0,0,1500,0,0,0
Vanuatu,0,0,0,0,0,0,0,0,0,0,0,0,0,0,0,0,0,0,0,0,0,0,0,0,0,0,0,0,0,0,0,0,3000,0,0,0,0,0,0
Venezuela,0,0,0,0,0,0,0,0,0,0,0,0,0,0,0,15000,0,69,5550,0,0,0,0,0,26,0,51500,18000,0,574000,27000,0,55400,651,4040,45900,135,0,1510
Vietnam,204000,0,0,0,0,0,0,0,4080000,0,628000,0,0,0,38000,2800000,165,0,0,0,10300,296000,110000,15100,382000,400000,375000,0,32600,5780000,5030000,1610000,1430000,417000,35100,92600,52300,962000,633000
Yemen,0,0,0,0,0,0,0,0,0,0,0,0,0,0,0,0,0,0,0,0,0,30000,0,21500,0,0,244000,0,3310,19800,0,33,753,15,0,743,2350,2710,25200
Zambia,0,0,0,0,0,0,0,0,30900,0,0,0,0,0,0,0,0,0,0,800000,0,0,0,0,0,0,0,0,1300000,0,12000,618000,0,11000,196000,4000,0,1550000,15000
Zimbabwe,0,0,0,0,0,0,0,0,0,0,0,0,0,0,0,0,0,0,0,0,0,0,0,0,0,0,0,0,36,0,266000,30000,0,18000,0,0,0,17000,0
